# Blender 5.1.2
# www.blender.org
mtllib TreeTrunk_Low.mtl
o Cylinder
v -1.433507 0.310549 0.069646
v -1.131232 2.051933 0.383705
v -0.986263 0.318576 0.170557
v -0.799462 1.962230 0.480766
v -0.613565 0.353542 0.426723
v -0.269872 1.353628 0.900114
v -0.446416 0.355965 0.818093
v -0.309501 1.291879 1.031580
v -0.354556 0.355965 1.279904
v -0.280805 1.286364 1.179942
v -0.430845 0.355965 1.722433
v -0.208024 1.339022 1.288393
v -0.633066 0.355965 1.994432
v -0.614516 1.996816 1.743014
v -1.005299 0.355965 2.236854
v -0.837213 2.107174 1.947747
v -1.467110 0.355965 2.316587
v -1.135376 2.308437 2.026373
v -1.898475 0.369576 2.279753
v -1.467176 2.226454 1.928001
v -2.299850 0.379947 2.111504
v -1.832350 2.086357 1.825674
v -2.576702 0.361614 1.752339
v -2.252496 1.648971 1.512363
v -2.673879 0.355965 1.279904
v -2.275213 1.751520 1.284521
v -2.582019 0.355965 0.818093
v -2.261990 1.649016 1.062455
v -2.317276 0.352941 0.422869
v -1.815828 2.095560 0.609538
v -1.903064 0.326171 0.151123
v -1.491145 2.095698 0.429472
v -0.456800 3.153466 0.743640
v -0.656874 3.255052 0.695504
v -0.040692 1.534523 0.885146
v 0.041165 1.587221 0.992291
v 0.061595 1.582276 1.134884
v 0.019073 1.518381 1.256473
v -0.298391 3.076061 1.690228
v -0.464607 3.154099 1.819914
v -0.667553 3.236560 1.867815
v -0.869612 3.329775 1.828827
v -1.046510 3.406849 1.707183
v -1.170323 3.454766 1.521662
v -1.220021 3.471546 1.282232
v -1.174151 3.455050 1.046138
v -1.044638 3.411001 0.853773
v -0.861428 3.342057 0.732885
v -0.139615 3.946443 0.866187
v -0.297742 4.014891 0.831866
v -0.006200 3.888165 0.963885
v 0.087455 3.863456 1.109792
v 0.117501 3.847783 1.279894
v 0.082631 3.850252 1.450456
v -0.005445 3.892495 1.596464
v -0.135781 3.953823 1.692601
v -0.293884 4.021928 1.727150
v -0.455251 4.084808 1.693117
v -0.593871 4.133121 1.596038
v -0.687263 4.162444 1.452044
v -0.721318 4.171636 1.280098
v -0.688460 4.160821 1.108340
v -0.594929 4.129987 0.963008
v -0.457326 4.079786 0.866017
v 0.201266 4.707665 0.894690
v 0.051040 4.764423 0.863075
v 0.326927 4.657146 0.985132
v 0.410572 4.622938 1.120377
v 0.439938 4.610917 1.279904
v 0.410492 4.622736 1.439436
v 0.326352 4.655975 1.574795
v 0.197837 4.703038 1.665724
v 0.042003 4.752825 1.696607
v -0.115809 4.796955 1.660925
v -0.246141 4.831032 1.566403
v -0.328772 4.853511 1.432498
v -0.355548 4.864556 1.279551
v -0.323987 4.863781 1.125326
v -0.235711 4.848482 0.989745
v -0.102864 4.814788 0.896338
v 0.351095 5.176093 0.871685
v 0.188953 5.210970 0.841981
v 0.493614 5.149489 0.964201
v 0.692240 5.265646 1.218581
v 0.707110 5.151019 1.303206
v 0.692459 5.164469 1.418133
v 0.678738 5.293703 1.485961
v 0.346778 5.186961 1.691361
v 0.176500 5.225509 1.717734
v 0.012208 5.269013 1.673942
v -0.117716 5.304213 1.571738
v -0.197952 5.325601 1.433804
v -0.225028 5.331740 1.278860
v -0.196841 5.321995 1.121222
v -0.111262 5.296220 0.979541
v 0.024688 5.256864 0.879298
v 0.473198 5.707190 0.848527
v 0.286368 5.722310 0.815995
v 0.628244 5.694637 0.950324
v 0.744508 5.444054 1.228614
v 0.765706 5.563955 1.316972
v 0.746537 5.588797 1.411581
v 0.724981 5.492327 1.476215
v 0.443592 5.710137 1.722902
v 0.255448 5.738399 1.741805
v 0.078971 5.768242 1.685839
v -0.052823 5.792378 1.573736
v -0.130460 5.804973 1.432468
v -0.156213 5.803911 1.278471
v -0.129409 5.790072 1.120970
v -0.043894 5.767387 0.973540
v 0.101295 5.742764 0.861923
v 0.447453 6.259155 0.882020
v 0.277738 6.254907 0.852426
v 0.589451 6.270654 0.974915
v 0.683262 6.280958 1.114971
v 0.715131 6.289876 1.280148
v 0.680443 6.295610 1.445388
v 0.585123 6.284200 1.586713
v 0.433940 6.289108 1.680576
v 0.258698 6.304482 1.704919
v 0.090378 6.324334 1.659430
v -0.039549 6.339550 1.559252
v -0.118411 6.344423 1.426917
v -0.144059 6.336957 1.279440
v -0.115196 6.317770 1.129709
v -0.029655 6.290954 0.993173
v 0.108221 6.266122 0.892761
v 0.257202 7.246589 0.894060
v 0.099248 7.222225 0.862270
v 0.391109 7.267243 0.984592
v 0.480582 7.281044 1.120082
v 0.512001 7.285891 1.279904
v 0.480582 7.281044 1.439725
v 0.391108 7.267243 1.575215
v 0.257202 7.246589 1.665747
v 0.099248 7.222225 1.697538
v -0.058705 7.197861 1.665747
v -0.192612 7.177207 1.575215
v -0.282085 7.163402 1.439725
v -0.313505 7.158559 1.279904
v -0.282086 7.163405 1.120082
v -0.192612 7.177207 0.984592
v -0.058705 7.197861 0.894060
v 0.029271 8.111753 0.930317
v -0.113701 8.089725 0.901617
v 0.150542 8.130325 1.012116
v 0.231825 8.142482 1.134743
v 0.260661 8.146203 1.279859
v 0.232274 8.140735 1.425346
v 0.150876 8.126834 1.548524
v 0.029214 8.106815 1.630258
v -0.113917 8.084086 1.658360
v -0.256911 8.062492 1.628920
v -0.378163 8.045770 1.546492
v -0.459507 8.036541 1.423497
v -0.486961 8.030195 1.279710
v -0.458859 8.035645 1.135295
v -0.378140 8.049251 1.012524
v -0.256741 8.067702 0.930440
v -0.302763 9.196813 0.955710
v -0.427614 9.170092 0.926105
v -0.202788 9.208264 1.040360
v -0.139218 9.210486 1.154187
v -0.141710 9.292075 1.278668
v -0.133394 9.201942 1.401698
v -0.188250 9.187861 1.513702
v -0.280602 9.164033 1.601209
v -0.408135 9.131385 1.635610
v -0.545115 9.098379 1.606981
v -0.683042 9.076040 1.537922
v -0.820692 9.115664 1.412642
v -0.710692 8.724804 1.263118
v -0.688931 8.744427 1.142959
v -0.730393 9.184395 1.009893
v -0.562926 9.149940 0.939600
v -0.592651 10.144860 1.002173
v -0.690260 10.081681 0.977873
v -0.508386 10.188765 1.067384
v -0.453138 10.224362 1.161833
v -0.432629 10.246234 1.272120
v -0.451898 10.250029 1.384299
v -0.508041 10.236487 1.482897
v -0.596409 10.209414 1.552465
v -0.706156 10.173559 1.578161
v -0.819256 10.132392 1.559032
v -0.921587 10.088545 1.493811
v -1.073498 10.061667 1.378000
v -1.102823 10.230130 1.264814
v -1.107047 10.246722 1.188524
v -1.002705 10.006165 1.043853
v -0.804519 10.020479 0.975217
v -1.076181 12.425562 1.126411
v -1.139017 12.415870 1.113764
v -1.022911 12.433779 1.162425
v -0.987318 12.439269 1.216325
v -0.974819 12.441196 1.279904
v -0.987318 12.439269 1.343482
v -1.022912 12.433779 1.397382
v -1.076181 12.425562 1.433396
v -1.139017 12.415870 1.446043
v -1.201852 12.406177 1.433396
v -1.255122 12.397961 1.397382
v -1.290715 12.392470 1.343482
v -1.303214 12.390543 1.279904
v -1.290715 12.392470 1.216325
v -1.255122 12.397961 1.162425
v -1.201852 12.406177 1.126411
v -1.350560 0.933050 0.176931
v -0.944172 0.911637 0.267841
v -0.607593 0.892663 0.499253
v -0.462246 0.869834 0.854791
v -0.376286 0.870070 1.278186
v -0.453495 1.004950 1.643293
v -0.630594 1.104665 1.862065
v -0.946712 1.240436 2.047308
v -1.359551 1.057207 2.142386
v -1.744055 1.122468 2.107513
v -2.127347 1.084005 1.963715
v -2.400128 1.162761 1.539999
v -2.466874 1.024424 1.282039
v -2.363487 1.183116 1.020469
v -2.140787 0.989352 0.486505
v -1.772826 0.958942 0.250173
v -2.050326 2.127583 1.283307
v -2.038399 1.993181 1.605700
v -2.047707 2.026215 0.929721
v -2.359573 1.019075 1.672754
v -2.363204 1.028175 0.871929
v -2.486707 0.867154 1.280199
v -2.481359 1.563875 1.280511
v -2.549247 1.079019 1.278732
v -2.477949 1.465284 1.473693
v -2.460348 1.478695 1.072574
v -2.554104 1.163601 1.463230
v -2.470561 1.227327 1.071757
v -3.027675 1.166649 1.279904
v -2.867465 0.880650 1.279899
v -2.985739 1.096943 1.421763
v -2.988022 1.094910 1.137936
v -2.904687 0.952881 1.421402
v -2.908644 0.951477 1.137937
v -3.323589 0.944763 1.279903
v -3.042032 0.776779 1.279903
v -3.253200 0.902767 1.421871
v -3.253200 0.902767 1.137936
v -3.112422 0.818775 1.421871
v -3.112422 0.818775 1.137936
v -3.464874 0.343367 1.279903
v -3.137149 0.333953 1.279903
v -3.382943 0.341014 1.421871
v -3.382943 0.341014 1.137935
v -3.219080 0.336306 1.421871
v -3.219080 0.336306 1.137935
v -3.475266 -0.018354 1.279903
v -3.147540 -0.027769 1.279903
v -3.393334 -0.020708 1.421870
v -3.393334 -0.020708 1.137935
v -3.229471 -0.025415 1.421870
v -3.229472 -0.025415 1.137935
v -0.084291 1.428869 1.314918
v -1.244891 2.644914 1.882879
v -1.486731 2.677008 1.756046
v -1.485031 2.680475 0.743189
v -1.248002 2.638755 0.579670
v -0.161327 1.449624 0.849574
v -0.679902 2.574054 1.899487
v -0.954765 2.633165 1.928372
v -0.967850 2.591413 0.523932
v -0.691413 2.527900 0.581435
v -1.694546 2.727468 1.281409
v -1.644404 2.706856 0.988612
v -0.465596 2.481801 1.765912
v -1.627300 2.706512 1.572126
v -0.421785 1.531641 0.949850
v -0.532750 1.791783 0.708264
v -0.409773 1.548763 1.224863
v -0.441655 1.799087 1.474283
v -0.144078 3.087031 1.071437
v -0.285420 2.968796 0.882761
v -0.107972 3.071530 1.260430
v -0.183710 2.914890 1.470407
v -0.328130 2.316332 1.568170
v -0.477391 2.379169 0.733108
v -0.372748 1.682297 0.848768
v -0.369996 1.542548 1.010642
v -0.337175 1.524810 1.187422
v -0.293851 1.668551 1.321593
v -0.067602 2.335561 0.995911
v -0.155079 2.237323 0.819691
v -0.048064 2.324362 1.184837
v -0.090550 2.203498 1.357227
v -0.196794 1.942715 1.429870
v -0.296167 1.987756 0.748799
v -1.005299 -0.405481 0.164994
v 0.602459 0.332575 1.090575
v -1.467110 -0.405481 0.073134
v 0.097480 0.251241 1.005943
v 0.116523 0.236423 1.149817
v 0.578782 0.344249 0.952057
v 0.328941 0.324399 0.822319
v 0.390548 0.276462 1.287910
v 0.182311 0.284845 0.880850
v 0.232166 0.246051 1.257518
v 0.476781 0.355208 0.852429
v 0.523535 0.325287 1.230875
v -0.069775 0.909776 0.897359
v 0.063363 0.974109 0.838533
v -0.011992 0.879450 1.275048
v -0.122250 0.850746 1.167139
v 0.243727 1.207545 1.141138
v 0.258756 1.002191 1.246792
v 0.134881 0.937424 1.305541
v 0.223400 1.219621 0.973373
v 0.203365 1.030915 0.869461
v -0.144418 0.862373 1.022619
v 0.171753 0.710250 0.831913
v -0.025345 0.602206 1.160066
v 0.238024 0.671013 1.298432
v 0.490592 0.581986 0.979594
v 0.033180 0.655561 0.890558
v 0.086802 0.623857 1.267983
v 0.495150 0.576438 1.072870
v 0.379152 0.712976 1.234261
v 0.313822 0.756884 0.862469
v -0.045948 0.614326 1.015903
v 0.685817 0.577323 1.079246
v 0.595469 1.057396 1.122756
v 0.644109 0.720634 1.219619
v 0.620804 0.924861 1.220181
v 0.587785 0.716363 0.801208
v 0.571650 0.910691 0.796621
v 0.575109 1.051527 0.929950
v 0.668456 0.579736 0.937822
v 0.950391 0.496549 1.054555
v 1.019362 0.843973 1.046790
v 0.981928 0.598362 1.155428
v 1.010497 0.742269 1.152212
v 0.943225 0.598175 0.803260
v 0.971794 0.742082 0.800044
v 1.003331 0.843895 0.900917
v 0.934360 0.496472 0.908682
v 1.266706 0.338647 0.998624
v 1.448578 0.607875 0.991502
v 1.329579 0.413517 1.091153
v 1.404914 0.525035 1.088203
v 1.296788 0.427123 0.768118
v 1.372123 0.538640 0.765168
v 1.434996 0.613510 0.857697
v 1.253123 0.344283 0.864819
v 1.327503 0.273818 0.985756
v 1.607688 0.438307 0.978634
v 1.416515 0.314258 1.078285
v 1.532571 0.382392 1.075334
v 1.392795 0.340674 0.755250
v 1.508852 0.408807 0.752300
v 1.597864 0.449249 0.844828
v 1.317678 0.284759 0.851950
v 1.359853 0.076522 0.945062
v 1.680143 0.021981 0.937940
v 1.453998 0.050154 1.037591
v 1.586667 0.027562 1.034641
v 1.452857 0.085638 0.714556
v 1.585525 0.063046 0.711606
v 1.679671 0.036678 0.804135
v 1.359380 0.091220 0.811257
v 1.509163 -1.092167 0.906577
v 0.669561 0.020479 1.060396
v 1.376494 -1.092167 0.909527
v 0.172572 -0.077885 0.962055
v 0.191615 -0.092702 1.105930
v 0.650518 0.035297 0.916521
v 0.404034 -0.004727 0.778432
v 0.465658 -0.052678 1.244020
v 0.257404 -0.044281 0.836962
v 0.307259 -0.083074 1.213631
v 0.552589 0.025669 0.808821
v 0.602444 -0.013124 1.185489
v -0.613795 -0.405481 0.426589
v -0.446416 -0.405481 0.818093
v -0.354556 -0.405481 1.279904
v -0.430845 -0.405481 1.728845
v -0.633066 -0.405481 2.006639
v -1.005299 -0.405481 2.248605
v -1.467110 -0.405481 2.351302
v -1.928921 -0.405481 2.327749
v -2.320425 -0.405481 2.129857
v -2.582019 -0.405481 1.741714
v -2.673879 -0.405481 1.279904
v -2.582019 -0.405481 0.818093
v -2.320425 -0.405481 0.426589
v -1.928921 -0.405481 0.164994
v -3.346047 -1.092167 1.279902
v -3.018322 -1.092167 1.279903
v -3.264116 -1.092167 1.421870
v -3.264116 -1.092167 1.137935
v -3.100253 -1.092167 1.421870
v -3.100253 -1.092167 1.137935
v -1.251621 1.507112 0.280170
v -0.880944 1.448488 0.370865
v -0.583682 1.365808 0.591281
v -0.468775 1.275538 0.914620
v -0.396900 1.289845 1.266705
v -0.454474 1.410470 1.579069
v -0.628569 1.531337 1.789787
v -0.833475 1.648596 1.942528
v -1.703244 1.640518 1.988285
v -1.985550 1.576895 1.869022
v -2.149615 1.487122 1.687841
v -2.171479 1.498015 0.826880
v -1.975737 1.543024 0.533107
v -1.637364 1.538356 0.337383
v -2.284852 1.413015 1.586216
v -2.300404 1.425286 0.974796
v -2.495546 1.319663 1.506101
v -2.458214 1.354067 1.035374
v -2.943930 1.026007 1.441155
v -2.948349 1.023186 1.118729
v -3.182811 0.860771 1.440794
v -3.182811 0.860771 1.118729
v -3.301012 0.338660 1.440794
v -3.301012 0.338660 1.118729
v -3.311403 -0.023062 1.440793
v -3.311403 -0.023061 1.118728
v -3.182184 -1.092167 1.440793
v -3.182184 -1.092167 1.118728
v -1.214826 2.071939 2.254657
v -0.954636 1.871058 2.232147
v -1.468508 1.890224 2.250615
v -0.910607 1.582304 2.197438
v -0.972728 1.302540 2.176216
v -1.263261 1.194760 2.176315
v -1.592127 1.602385 2.222991
v -1.531596 1.304735 2.196881
v -1.223094 1.818327 2.625669
v -0.963394 1.686605 2.553571
v -1.445549 1.715335 2.577313
v -0.916058 1.503314 2.403251
v -0.981386 1.284708 2.262767
v -1.248312 1.196174 2.216123
v -1.566774 1.510722 2.436031
v -1.499336 1.279603 2.286926
v -1.215060 1.518820 2.765147
v -0.996756 1.468932 2.678977
v -1.439629 1.465866 2.699303
v -0.912596 1.345426 2.491269
v -1.011881 1.220649 2.311981
v -0.993785 -0.173915 3.347448
v -1.236761 1.157458 2.252824
v -1.538913 1.341089 2.520015
v -1.448580 1.173707 2.356953
v -1.231904 0.679367 3.078974
v -1.016933 0.658847 2.983096
v -1.453045 0.649794 3.001201
v -0.934058 0.600255 2.769729
v -1.031826 0.537913 2.563862
v -1.252967 0.508340 2.486088
v -1.550814 0.587452 2.795333
v -1.467939 0.528860 2.581967
v -0.749216 -0.177107 3.235945
v -1.245373 -0.190969 3.254335
v -0.654931 -0.198676 2.985141
v -0.766160 -0.225986 2.741955
v -1.017748 -0.243040 2.648841
v -1.356603 -0.218279 3.011149
v -1.262317 -0.239848 2.760345
v 0.555204 4.964085 1.281122
v 0.598845 5.119281 1.123961
v 0.530379 4.976832 1.426124
v 0.516783 5.149426 1.576137
v 0.779025 5.833869 1.293797
v 0.739692 5.668047 1.112937
v 0.744267 5.841254 1.457837
v 0.636736 5.681774 1.606097
v 0.790472 5.514640 1.339381
v 0.831093 5.247847 1.332344
v 0.787857 5.513725 1.409859
v 0.830401 5.266520 1.437663
v 0.808949 5.320377 1.276909
v 0.804122 5.360695 1.482862
v 0.792495 5.433610 1.274776
v 0.790303 5.464395 1.459397
v 0.907630 5.567630 1.395156
v 0.928333 5.378764 1.373692
v 0.892277 5.560105 1.437649
v 0.925288 5.392007 1.446719
v 0.913625 5.424869 1.345553
v 0.905400 5.444652 1.472120
v 0.896868 5.501626 1.348522
v 0.880383 5.502184 1.466259
v 1.110198 5.779274 1.472382
v 1.159196 5.740863 1.473170
v 1.106872 5.775556 1.495930
v 1.155378 5.737668 1.498472
v 1.146080 5.753494 1.463548
v 1.140284 5.747013 1.507629
v 1.126010 5.769654 1.462696
v 1.119765 5.762671 1.506479
v 1.270719 6.037314 1.543380
v 1.295545 6.023407 1.543743
v 1.269477 6.035399 1.554150
v 1.294044 6.021696 1.555308
v 1.288734 6.028191 1.539346
v 1.286571 6.024856 1.559493
v 1.278534 6.034080 1.538956
v 1.276205 6.030488 1.558968
v -0.311075 9.716860 1.159032
v -0.287541 9.722209 1.278496
v -0.949460 9.564503 1.436593
v -0.307965 9.718752 1.395672
v -0.361849 9.701761 1.498859
v -0.873770 9.614507 0.987598
v -0.448028 9.672107 1.576529
v -0.703822 9.610307 0.932826
v -0.564616 9.636405 1.608072
v -0.580381 9.645319 0.952157
v -0.468177 9.683904 0.978424
v -0.690679 9.600881 1.582651
v -0.373278 9.705193 1.052848
v -0.809199 9.565082 1.510488
v -1.060048 9.123478 1.228596
v -1.087600 9.314765 1.320873
v -1.022718 9.108368 1.084116
v -1.013681 9.334993 0.965529
v -1.274362 10.271302 1.250896
v -1.234654 10.061085 1.357659
v -1.258821 10.274112 1.136067
v -1.170784 10.042151 1.039321
v -1.156845 9.691046 1.347257
v -1.142689 9.722008 1.007765
v -1.405734 9.644463 1.181049
v -1.418286 9.756918 1.252923
v -1.405842 9.646861 1.065101
v -1.417509 9.752519 0.982888
v -1.469081 10.390165 1.210078
v -1.466351 10.255166 1.319700
v -1.453893 10.422116 1.109709
v -1.449908 10.278786 1.007904
v -1.446019 10.028910 1.318815
v -1.445866 10.043941 0.989196
v -1.759138 10.163845 1.167656
v -1.751747 10.216185 1.256432
v -1.754739 10.173838 1.072521
v -1.738104 10.239151 0.994867
v -1.668982 10.547245 1.194874
v -1.689093 10.473450 1.280661
v -1.664835 10.551992 1.092927
v -1.674671 10.486297 1.001440
v -1.723995 10.343558 1.309296
v -1.706780 10.366004 0.960583
v -2.044365 10.517913 1.148955
v -2.021937 10.566040 1.225440
v -2.030887 10.519119 1.059491
v -1.990187 10.565302 0.998071
v -1.912194 10.742567 1.155418
v -1.935415 10.711275 1.215664
v -1.903444 10.739496 1.088064
v -1.912024 10.702671 1.025580
v -1.975888 10.645355 1.248959
v -2.877636 11.791148 1.083739
v -2.896593 11.774465 1.042932
v -1.943516 10.637983 0.987264
v -2.401398 11.006011 1.112498
v -2.374507 11.044901 1.178566
v -2.385966 11.000113 1.033168
v -2.337604 11.027146 0.979584
v -2.231428 11.157522 1.122343
v -2.268745 11.139169 1.175947
v -2.219909 11.149043 1.056663
v -2.238184 11.117209 1.000077
v -2.321776 11.097453 1.199345
v -2.281347 11.072123 0.969803
v -2.891819 11.774158 0.995183
v -2.865137 11.790347 0.958730
v -2.777532 11.860668 1.053355
v -2.804214 11.844480 1.089809
v -2.772758 11.860362 1.005606
v -2.791291 11.843535 0.965773
v -2.842612 11.817980 1.101042
v -2.826739 11.816847 0.947496
v -0.904497 10.701686 1.532344
v -0.991617 10.665104 1.483636
v -0.653981 10.736662 1.084772
v -0.596668 10.770280 1.164594
v -1.051707 10.635405 1.403475
v -0.573217 10.791520 1.260049
v -1.075841 10.617655 1.304779
v -0.585701 10.796689 1.358088
v -1.060732 10.610085 1.202636
v -0.632576 10.786461 1.445916
v -1.012147 10.612129 1.111629
v -0.708805 10.765285 1.510758
v -0.933283 10.629202 1.047372
v -0.804377 10.736659 1.541646
v -0.836650 10.658928 1.019715
v -0.738012 10.697307 1.033180
v -1.022628 11.416535 1.472630
v -0.819083 11.446185 1.131593
v -0.960760 11.400599 1.077682
v -1.089515 11.395163 1.432463
v -0.775123 11.464842 1.195022
v -1.135519 11.378342 1.368871
v -0.758154 11.475905 1.270464
v -1.153708 11.368896 1.291878
v -0.769966 11.477480 1.347142
v -1.141428 11.366127 1.213234
v -0.809038 11.470016 1.414405
v -1.100249 11.369748 1.144450
v -0.870446 11.456035 1.462296
v -1.036814 11.381810 1.096839
v -0.945493 11.437801 1.483000
v -0.884141 11.423507 1.090045
v -0.250123 8.559237 0.912259
v -0.115026 8.583304 0.941352
v -0.389804 8.538027 0.934421
v -0.241780 8.539227 1.648473
v -0.382160 8.512674 1.619385
v -0.003010 8.598783 1.024390
v -0.510659 8.493510 1.542767
v 0.070575 8.606621 1.143193
v -0.616473 8.505512 1.418780
v 0.120643 8.543877 1.279426
v -0.584191 8.332062 1.272499
v 0.073360 8.601920 1.415069
v -0.558845 8.343671 1.138626
v 0.003497 8.587941 1.533391
v -0.531224 8.542568 1.011380
v -0.105427 8.566267 1.617633
v -0.338868 8.864664 0.919182
v -0.476365 8.843984 0.937010
v -0.324958 8.835306 1.642042
v -0.208895 8.890059 0.948531
v -0.463638 8.805527 1.613183
v -0.132954 8.908299 1.002578
v -0.596850 8.784776 1.540344
v 0.003062 8.971750 1.077810
v -0.718583 8.810589 1.415711
v -0.647442 8.528433 1.267808
v -0.019180 8.964065 1.477658
v -0.623888 8.544049 1.140792
v -0.110282 8.883844 1.530201
v -0.630808 8.863482 1.010637
v -0.193014 8.865150 1.609421
v 0.087397 9.273429 1.274897
v 0.105716 9.217761 1.137770
v 0.106630 9.221322 1.390695
v 0.150856 9.086929 1.096717
v 0.196374 8.957573 1.140833
v 0.680250 10.029227 1.269035
v 0.215608 8.905467 1.279228
v 0.153707 9.094097 1.436509
v 0.197289 8.961134 1.416355
v 0.342194 9.527107 1.272784
v 0.363658 9.503472 1.198080
v 0.363323 9.505447 1.348180
v 0.415141 9.448388 1.167827
v 0.466486 9.394121 1.199748
v 0.836815 10.357431 1.266064
v 0.487615 9.372461 1.275144
v 0.414668 9.451181 1.380101
v 0.466151 9.396096 1.349848
v 0.704621 10.002391 1.184212
v 0.720707 10.038975 1.354018
v 0.763078 9.939846 1.149862
v 0.992873 10.035945 1.197402
v 0.979585 9.975774 1.270639
v 0.805870 10.032149 1.389019
v 0.991751 10.037005 1.343189
v 0.866373 10.338845 1.184364
v 0.865439 10.340827 1.348520
v 0.936797 10.295955 1.151278
v 1.018591 10.157097 1.162189
v 1.399529 11.541912 1.256398
v 1.065991 10.244719 1.269266
v 0.935478 10.298757 1.383430
v 1.016938 10.158659 1.337140
v 1.121686 10.972613 1.261042
v 1.152801 10.956773 1.179342
v 1.151693 10.958663 1.343498
v 1.226812 10.920418 1.146257
v 1.300364 10.884843 1.181167
v 1.330371 10.870893 1.263623
v 1.225245 10.923089 1.378408
v 1.299256 10.886733 1.345323
v 1.430644 11.526072 1.174698
v 1.429535 11.527962 1.338854
v 1.504654 11.489717 1.141612
v 1.578207 11.454142 1.176522
v 2.453662 11.116729 1.283363
v 1.608214 11.440191 1.258978
v 1.503087 11.492388 1.373764
v 1.577099 11.456032 1.340678
v 0.993361 10.206513 1.167476
v 0.871074 9.973091 1.180723
v 0.845368 9.853635 1.271714
v 0.874150 9.988381 1.354757
v 0.961880 10.166490 1.351819
v 1.061670 10.293588 1.268198
v 1.277451 10.195889 1.272905
v 1.252938 10.337103 1.272112
v 1.259677 10.301557 1.210250
v 1.271933 10.230949 1.210647
v 1.270712 10.231435 1.334767
v 1.258456 10.302042 1.334371
v 1.866081 10.565871 1.277179
v 1.776340 10.661950 1.276451
v 1.799365 10.638051 1.219706
v 1.844236 10.590011 1.220070
v 1.843055 10.589770 1.333924
v 1.798185 10.637811 1.333560
v -2.627819 11.370191 1.015007
v -2.452374 11.517320 1.036380
v -2.638155 11.373415 1.079238
v -2.615057 11.401689 1.133228
v -2.570792 11.441943 1.152346
v -2.430402 11.499348 1.126202
v -2.458257 11.516292 1.087010
v -2.416198 11.501825 1.003970
v -2.589822 11.392039 0.969614
v -2.542103 11.428182 0.959138
v -2.506892 11.185152 1.024088
v -2.519777 11.189713 1.095868
v -2.494782 11.223294 1.155897
v -2.385125 11.476412 1.130998
v -2.463713 11.209593 0.974599
v -2.411725 11.250152 0.964471
v -2.324199 11.283227 1.047031
v -2.464539 11.294952 1.172400
v -2.333718 11.289227 1.109421
v -2.370922 11.478889 1.008766
v -2.395094 11.323260 0.990345
v -2.480365 11.435235 0.985057
v -2.517622 11.526016 1.086189
v -2.512586 11.460352 1.136721
v -2.506419 11.517680 1.030203
v -2.422879 11.342193 1.151152
v -2.343067 11.461946 1.047958
v -2.348949 11.460917 1.098588
v -1.939060 12.357669 1.128334
v -1.983307 12.380084 1.123647
v -1.941441 12.357253 1.148829
v -1.985688 12.379668 1.144142
v -1.950336 12.364528 1.112469
v -1.968663 12.373813 1.110528
v -1.974413 12.372809 1.160007
v -1.956085 12.363524 1.161948
v -3.141541 12.171823 1.004665
v -3.130668 12.181392 1.028071
v -3.138803 12.171647 0.977278
v -3.123498 12.180932 0.956369
v -3.073251 12.221267 1.010644
v -3.088555 12.211982 1.031553
v -3.070512 12.221091 0.983256
v -3.081142 12.211440 0.960409
v -3.110579 12.196782 1.037996
v -0.405635 -1.092167 3.030540
v -1.121310 -1.092167 3.356829
v -3.101474 12.196132 0.949925
v -2.202993 11.938220 1.146020
v -2.169043 11.921021 1.149617
v -2.223880 11.950927 1.116632
v -2.219469 11.951697 1.078667
v -2.192343 11.940078 1.054365
v -2.158392 11.922879 1.057961
v -2.141916 11.909404 1.125314
v -2.137505 11.910174 1.087349
v -0.948854 10.313037 1.489849
v -0.509024 10.436923 1.162908
v -1.031568 10.285182 1.392140
v -0.487369 10.458549 1.267420
v -1.065898 10.368686 1.284543
v -0.503996 10.462878 1.374093
v -1.059243 10.378325 1.212935
v -0.556531 10.450627 1.468498
v -0.959512 10.232071 1.071506
v -0.640172 10.425850 1.536226
v -0.854655 10.257494 1.003311
v -0.744400 10.392811 1.563944
v -0.649249 10.359963 1.014246
v -0.852446 10.354054 1.548641
v -0.565075 10.402097 1.074154
v -0.747259 10.306441 0.994165
v -1.318579 13.448417 1.174390
v -1.361774 13.441754 1.165696
v -1.281961 13.454065 1.199147
v -1.257493 13.457839 1.236198
v -1.248901 13.459165 1.279904
v -1.257493 13.457839 1.323609
v -1.281961 13.454065 1.360660
v -1.318579 13.448417 1.385417
v -1.361774 13.441754 1.394111
v -1.404968 13.435091 1.385417
v -1.441587 13.429443 1.360660
v -1.466055 13.425669 1.323609
v -1.474646 13.424344 1.279904
v -1.466055 13.425669 1.236198
v -1.441587 13.429443 1.199147
v -1.404968 13.435091 1.174390
v -1.633427 14.822144 1.198170
v -1.666886 14.816983 1.191436
v -1.605061 14.826520 1.217348
v -1.586108 14.829443 1.246049
v -1.579453 14.830469 1.279904
v -1.586108 14.829443 1.313758
v -1.605062 14.826520 1.342459
v -1.633427 14.822144 1.361637
v -1.666886 14.816983 1.368371
v -1.700346 14.811822 1.361637
v -1.728711 14.807446 1.342459
v -1.747664 14.804523 1.313758
v -1.754319 14.803497 1.279904
v -1.747664 14.804523 1.246049
v -1.728711 14.807446 1.217348
v -1.700345 14.811822 1.198170
v 1.714505 12.186832 1.209468
v 1.738411 12.174663 1.146699
v 1.737559 12.176115 1.272817
v 1.795272 12.146731 1.121280
v 1.851781 12.119400 1.148101
v 2.543403 11.020650 1.284091
v 1.874835 12.108683 1.211450
v 1.794068 12.148784 1.299638
v 1.850929 12.120852 1.274219
v 2.476688 11.092830 1.226618
v 2.521558 11.044789 1.226982
v 2.520378 11.044549 1.340836
v 2.475507 11.092589 1.340472
v -1.775359 12.704028 1.162541
v -1.806766 12.719938 1.159214
v -1.777049 12.703733 1.177088
v -1.808456 12.719644 1.173761
v -1.783363 12.708897 1.151280
v -1.796371 12.715487 1.149902
v -1.800452 12.714775 1.185022
v -1.787443 12.708184 1.186400
v -3.497636 12.723334 0.952093
v -3.490579 12.729545 0.967284
v -3.495859 12.723221 0.934317
v -3.485926 12.729247 0.920747
v -3.453313 12.755425 0.955973
v -3.463246 12.749399 0.969544
v -3.451536 12.755312 0.938197
v -3.458435 12.749048 0.923369
v -3.477540 12.739534 0.973726
v -0.519918 -1.092167 3.334539
v -0.816360 -1.092167 3.469692
v -3.471631 12.739112 0.916565
v -0.540456 -1.092167 2.735774
v -0.845406 -1.092167 2.622911
v -1.256132 -1.092167 3.062064
v -1.141848 -1.092167 2.758064
v 1.602640 -1.092167 0.809876
v 0.947050 -1.092167 0.792275
v 1.282349 -1.092167 0.816998
v 0.450062 -1.092167 0.693935
v 0.469105 -1.092167 0.837809
v 0.928007 -1.092167 0.648401
v 0.681523 -1.092167 0.510311
v 0.743147 -1.092167 0.975899
v 0.534893 -1.092167 0.568841
v 0.584748 -1.092167 0.945510
v 0.830079 -1.092167 0.540700
v 0.879934 -1.092167 0.917368
v 1.375353 -1.092167 0.586492
v 1.508022 -1.092167 0.583542
v 1.602167 -1.092167 0.676071
v 1.281876 -1.092167 0.683193
v -1.467110 -1.764401 0.073134
v -1.005299 -1.764401 0.164994
v -0.613795 -1.764401 0.426589
v -0.446416 -1.764401 0.818093
v -0.354556 -1.764401 1.279904
v -0.430845 -1.764401 1.728845
v -0.633066 -1.764401 2.006639
v -1.005299 -1.764401 2.248605
v -1.467110 -1.764401 2.351302
v -1.928921 -1.764401 2.327749
v -2.320425 -1.764401 2.129857
v -2.582019 -1.764401 1.741714
v -2.673879 -1.764401 1.279904
v -2.582019 -1.764401 0.818093
v -2.320425 -1.764401 0.426589
v -1.928921 -1.764401 0.164994
vn 0.0160 0.0795 -0.9967
vn 0.0813 0.2003 -0.9763
vn 0.3899 0.0579 -0.9190
vn 0.4641 0.0909 -0.8811
vn 0.7670 0.0394 -0.6405
vn -0.6548 -0.2681 -0.7067
vn 0.9550 0.0229 -0.2956
vn -0.9402 -0.3137 -0.1328
vn 0.9997 0.0236 -0.0112
vn -0.8676 -0.2894 0.4043
vn 0.9153 0.0416 0.4006
vn -0.5049 -0.2167 0.8356
vn 0.6799 0.0678 0.7301
vn 0.6879 -0.0978 0.7192
vn 0.3583 0.1008 0.9281
vn 0.5896 0.1185 0.7990
vn 0.0493 0.1337 0.9898
vn 0.0040 0.4210 0.9071
vn -0.2381 0.1589 0.9582
vn -0.4400 0.4062 0.8009
vn -0.6204 0.1715 0.7653
vn -0.5841 0.3326 0.7404
vn -0.9037 0.1669 0.3943
vn -0.7077 0.4490 0.5454
vn -0.9861 0.1663 0.0033
vn -0.8015 0.5974 0.0270
vn -0.9163 0.1565 -0.3687
vn -0.7546 0.4760 -0.4517
vn -0.7029 0.1352 -0.6983
vn -0.6392 0.3831 -0.6668
vn -0.3680 0.1046 -0.9239
vn -0.2992 0.3059 -0.9038
vn 0.4249 0.0185 -0.9051
vn 0.0777 0.1775 -0.9810
vn 0.5381 0.1303 -0.8328
vn 0.8852 0.2609 -0.3852
vn 0.9499 0.2679 0.1608
vn 0.7013 0.1519 0.6965
vn 0.6892 -0.1359 0.7117
vn 0.3893 -0.0184 0.9209
vn 0.0452 0.1217 0.9915
vn -0.2730 0.2713 0.9230
vn -0.5560 0.4177 0.7187
vn -0.7564 0.5203 0.3963
vn -0.8299 0.5578 0.0101
vn -0.7606 0.5318 -0.3725
vn -0.5645 0.4521 -0.6906
vn -0.2704 0.3289 -0.9048
vn 0.3877 -0.0746 -0.9188
vn 0.0450 0.0892 -0.9950
vn 0.6840 -0.2097 -0.6987
vn 0.8765 -0.3026 -0.3745
vn 0.9428 -0.3334 -0.0071
vn 0.8743 -0.3021 0.3800
vn 0.6766 -0.2150 0.7042
vn 0.3887 -0.0769 0.9181
vn 0.0416 0.0907 0.9950
vn -0.3031 0.2579 0.9174
vn -0.5920 0.3992 0.7001
vn -0.7832 0.4925 0.3795
vn -0.8509 0.5253 0.0023
vn -0.7844 0.4925 -0.3770
vn -0.5919 0.3980 -0.7009
vn -0.3003 0.2559 -0.9188
vn 0.3597 -0.1442 -0.9218
vn 0.0016 -0.0055 -1.0000
vn 0.6610 -0.2605 -0.7038
vn 0.8662 -0.3385 -0.3675
vn 0.9341 -0.3568 0.0138
vn 0.8710 -0.3307 0.3634
vn 0.6733 -0.2606 0.6919
vn 0.3572 -0.1417 0.9232
vn -0.0092 -0.0009 1.0000
vn -0.3703 0.1426 0.9179
vn -0.6692 0.2641 0.6946
vn -0.8623 0.3437 0.3718
vn -0.9287 0.3708 -0.0016
vn -0.8608 0.3412 -0.3775
vn -0.6627 0.2584 -0.7029
vn -0.3587 0.1359 -0.9235
vn 0.3520 -0.1391 -0.9256
vn -0.0225 -0.0427 -0.9988
vn 0.6667 -0.2194 -0.7123
vn 0.7442 -0.3067 -0.5934
vn 0.7514 -0.6253 -0.2108
vn 0.6236 -0.6127 0.4855
vn 0.4584 -0.2653 0.8482
vn 0.3364 -0.1349 0.9320
vn -0.0565 -0.0346 0.9978
vn -0.4290 0.0616 0.9012
vn -0.7290 0.1392 0.6702
vn -0.9164 0.1883 0.3531
vn -0.9787 0.2050 -0.0054
vn -0.9108 0.1876 -0.3679
vn -0.7114 0.1358 -0.6895
vn -0.3989 0.0548 -0.9153
vn 0.3742 -0.0250 -0.9270
vn -0.0188 0.0106 -0.9998
vn 0.7008 -0.0517 -0.7115
vn 0.8286 -0.0524 -0.5574
vn 0.9830 0.1499 -0.1059
vn 0.9167 0.1466 0.3718
vn 0.5918 0.0785 0.8023
vn 0.3374 -0.0227 0.9411
vn -0.0707 0.0156 0.9974
vn -0.4519 0.0462 0.8909
vn -0.7530 0.0666 0.6546
vn -0.9366 0.0778 0.3416
vn -0.9965 0.0830 -0.0065
vn -0.9294 0.0822 -0.3599
vn -0.7298 0.0708 -0.6800
vn -0.4103 0.0455 -0.9108
vn 0.3764 0.0786 -0.9231
vn -0.0132 0.0398 -0.9991
vn 0.7013 0.1113 -0.7042
vn 0.9081 0.1389 -0.3951
vn 0.9865 0.1631 -0.0154
vn 0.9042 0.1565 0.3974
vn 0.6807 0.1160 0.7233
vn 0.3553 0.0780 0.9315
vn -0.0439 0.0367 0.9984
vn -0.4290 -0.0110 0.9032
vn -0.7381 -0.0544 0.6725
vn -0.9307 -0.0835 0.3561
vn -0.9958 -0.0916 -0.0014
vn -0.9284 -0.0774 -0.3635
vn -0.7255 -0.0448 -0.6868
vn -0.4036 -0.0027 -0.9149
vn 0.3692 0.1088 -0.9230
vn -0.0086 0.0257 -0.9996
vn 0.6866 0.1781 -0.7049
vn 0.8971 0.2238 -0.3808
vn 0.9708 0.2399 -0.0002
vn 0.8969 0.2239 0.3813
vn 0.6848 0.1777 0.7067
vn 0.3637 0.1074 0.9253
vn -0.0169 0.0232 0.9996
vn -0.3936 -0.0619 0.9172
vn -0.7059 -0.1338 0.6956
vn -0.9094 -0.1813 0.3744
vn -0.9803 -0.1974 0.0018
vn -0.9103 -0.1800 -0.3727
vn -0.7044 -0.1314 -0.6975
vn -0.3875 -0.0589 -0.9200
vn 0.3732 0.1382 -0.9174
vn 0.0032 0.0344 -0.9994
vn 0.6830 0.2272 -0.6942
vn 0.8824 0.2854 -0.3740
vn 0.9522 0.3055 -0.0006
vn 0.8829 0.2850 0.3732
vn 0.6833 0.2265 0.6941
vn 0.3728 0.1375 0.9177
vn -0.0036 0.0341 0.9994
vn -0.3713 -0.0666 0.9261
vn -0.6770 -0.1577 0.7189
vn -0.8924 -0.2293 0.3887
vn -0.9674 -0.2533 -0.0050
vn -0.8936 -0.2297 -0.3857
vn -0.6790 -0.1638 -0.7156
vn -0.3612 -0.0693 -0.9299
vn 0.4068 0.1655 -0.8984
vn 0.0765 0.0525 -0.9957
vn 0.6559 0.2841 -0.6994
vn 0.5142 0.5354 -0.6701
vn 0.7135 0.7006 0.0044
vn 0.5322 0.5135 0.6731
vn 0.6851 0.2727 0.6755
vn 0.4453 0.1691 0.8793
vn 0.0171 0.0437 0.9989
vn -0.3294 -0.0608 0.9422
vn -0.5669 -0.1479 0.8104
vn -0.6197 -0.2788 0.7336
vn -0.9050 -0.4246 0.0249
vn -0.7932 -0.4060 -0.4539
vn -0.2790 -0.2017 -0.9389
vn -0.2244 -0.0630 -0.9724
vn 0.3660 0.1461 -0.9191
vn 0.0799 0.0949 -0.9923
vn 0.6857 0.2090 -0.6972
vn 0.8864 0.2443 -0.3933
vn 0.9656 0.2579 -0.0337
vn 0.9097 0.2476 0.3335
vn 0.7231 0.2134 0.6570
vn 0.4039 0.1494 0.9025
vn 0.0138 0.0616 0.9980
vn -0.3532 -0.0244 0.9352
vn -0.5615 -0.0467 0.8262
vn -0.4637 0.1111 0.8790
vn -0.6119 0.5805 0.5372
vn -0.3777 0.7334 -0.5652
vn -0.1816 0.1883 -0.9652
vn -0.1855 0.0750 -0.9798
vn 0.3585 0.1155 -0.9264
vn -0.0169 0.0400 -0.9991
vn 0.6772 0.1799 -0.7134
vn 0.8919 0.2234 -0.3931
vn 0.9708 0.2394 -0.0134
vn 0.9021 0.2256 0.3679
vn 0.6964 0.1841 0.6936
vn 0.3843 0.1213 0.9152
vn 0.0116 0.0464 0.9989
vn -0.3655 -0.0291 0.9304
vn -0.6888 -0.0938 0.7189
vn -0.9078 -0.1378 0.3962
vn -0.9880 -0.1541 0.0128
vn -0.9177 -0.1403 -0.3717
vn -0.7082 -0.0985 -0.6991
vn -0.3916 -0.0352 -0.9195
vn 0.0370 0.1682 -0.9851
vn 0.4065 0.1242 -0.9052
vn 0.7805 0.0775 -0.6204
vn 0.9572 0.0444 -0.2861
vn 0.9989 0.0459 -0.0085
vn 0.9126 0.0751 0.4019
vn 0.6851 0.1123 0.7197
vn 0.6095 -0.1101 0.7851
vn 0.0461 -0.0283 0.9985
vn -0.3261 0.1634 0.9311
vn -0.5958 0.3061 0.7425
vn -0.7323 -0.0330 0.6802
vn -0.9491 -0.3135 -0.0318
vn -0.8033 -0.0093 -0.5955
vn -0.6782 0.2661 -0.6850
vn -0.3382 0.2136 -0.9165
vn -0.8646 0.5013 0.0348
vn -0.8016 0.4072 0.4377
vn -0.8295 0.4272 -0.3599
vn -0.8503 0.2726 0.4502
vn -0.8803 0.2722 -0.3886
vn -0.9665 0.2566 0.0073
vn -0.6431 0.7657 0.0049
vn 0.0604 -0.9962 -0.0636
vn -0.5096 0.5183 0.6868
vn -0.5021 0.5332 -0.6809
vn -0.0762 -0.5580 0.8263
vn -0.1894 -0.4506 -0.8724
vn -0.5996 0.8003 0.0043
vn 0.5149 -0.8573 -0.0017
vn -0.4006 0.4986 0.7687
vn -0.4116 0.5030 -0.7600
vn 0.3025 -0.5501 0.7784
vn 0.2985 -0.5514 -0.7790
vn -0.8380 0.5457 -0.0002
vn 0.8113 -0.5846 -0.0005
vn -0.5344 0.3544 0.7673
vn -0.5350 0.3548 -0.7668
vn 0.4230 -0.2951 0.8567
vn 0.4242 -0.2951 -0.8561
vn -0.9921 0.1256 -0.0000
vn 0.9922 -0.1244 -0.0000
vn -0.6086 0.0797 0.7895
vn -0.6098 0.0799 -0.7885
vn 0.5780 -0.0708 0.8129
vn 0.5794 -0.0710 -0.8119
vn -0.9990 -0.0439 -0.0000
vn 0.9989 0.0478 -0.0000
vn -0.6066 -0.0282 0.7945
vn -0.6078 -0.0282 -0.7936
vn 0.5822 0.0264 0.8126
vn 0.5836 0.0265 -0.8116
vn 0.1215 -0.0562 0.9910
vn -0.3108 0.2853 0.9067
vn -0.5625 0.3928 0.7275
vn -0.5927 0.4634 -0.6587
vn -0.2860 0.3597 -0.8881
vn -0.0183 -0.0852 -0.9962
vn 0.3801 -0.0246 0.9246
vn 0.0148 0.1434 0.9896
vn 0.0745 0.2208 -0.9725
vn 0.4372 0.0728 -0.8964
vn -0.8510 0.5245 0.0256
vn -0.7873 0.5134 -0.3414
vn 0.6649 -0.1464 0.7324
vn -0.7761 0.4888 0.3983
vn 0.7980 -0.3869 -0.4621
vn 0.5878 -0.0640 -0.8065
vn 0.7831 -0.5304 0.3248
vn 0.6953 -0.1926 0.6925
vn 0.9222 -0.0887 -0.3765
vn 0.6787 0.0136 -0.7343
vn 0.9910 -0.1301 0.0325
vn 0.8769 -0.1019 0.4698
vn 0.6812 -0.1589 0.7146
vn 0.4773 0.0354 -0.8780
vn -0.0170 -0.4054 -0.9140
vn -0.6006 -0.7669 -0.2262
vn -0.6192 -0.6459 0.4465
vn -0.0873 -0.4406 0.8935
vn 0.9187 0.1389 -0.3696
vn 0.5956 0.1119 -0.7955
vn 0.9891 0.1028 0.1057
vn 0.8179 0.0251 0.5748
vn 0.4453 -0.1713 0.8788
vn 0.2918 -0.0608 -0.9545
vn 0.3856 -0.0026 -0.9227
vn 0.9417 0.2767 0.1912
vn 0.0033 -0.0026 -1.0000
vn -0.9294 -0.2695 -0.2522
vn -0.8424 -0.2946 0.4512
vn 0.8669 0.3043 -0.3949
vn -0.0866 0.0531 -0.9948
vn 0.1283 -0.0409 0.9909
vn -0.5960 -0.1236 -0.7934
vn -0.4085 -0.1956 0.8916
vn 0.4771 0.2254 -0.8495
vn 0.6652 0.1616 0.7290
vn -0.5915 -0.2310 -0.7725
vn -0.0782 -0.0097 -0.9969
vn -0.4267 -0.1926 0.8836
vn -0.8363 -0.3365 0.4329
vn 0.7019 0.6175 0.3552
vn 0.3365 0.2534 0.9070
vn 0.1148 0.0241 0.9931
vn 0.6293 0.6105 -0.4809
vn 0.1634 0.2575 -0.9524
vn -0.9090 -0.3549 -0.2187
vn -0.0878 -0.0103 -0.9961
vn -0.8340 -0.3377 0.4363
vn 0.1065 0.0153 0.9942
vn 0.5937 -0.4163 -0.6886
vn -0.5790 -0.2122 -0.7872
vn -0.4222 -0.1878 0.8868
vn 0.7960 -0.3774 0.4732
vn 0.3214 -0.0203 0.9467
vn 0.0552 -0.0432 -0.9975
vn -0.9013 -0.3500 -0.2552
vn -0.1199 -0.9073 0.4029
vn 0.3997 0.8162 0.4172
vn 0.0654 -0.3461 0.9359
vn 0.2435 0.3227 0.9146
vn -0.1696 -0.3836 -0.9078
vn 0.0351 0.3163 -0.9480
vn 0.3228 0.8291 -0.4565
vn -0.2176 -0.9034 -0.3695
vn -0.2878 -0.8646 0.4119
vn 0.4757 0.8150 0.3307
vn 0.0044 -0.3701 0.9290
vn 0.3220 0.3279 0.8882
vn -0.1967 -0.3680 -0.9088
vn 0.1307 0.3555 -0.9255
vn 0.3906 0.8265 -0.4054
vn -0.3725 -0.8624 -0.3427
vn -0.4929 -0.7641 0.4162
vn 0.5983 0.7285 0.3335
vn -0.1004 -0.3217 0.9415
vn 0.3538 0.2987 0.8863
vn -0.2801 -0.2647 -0.9228
vn 0.1740 0.3580 -0.9174
vn 0.5257 0.7542 -0.3934
vn -0.5636 -0.7398 -0.3676
vn -0.7765 -0.4591 0.4315
vn 0.8493 0.3991 0.3455
vn -0.2223 -0.2305 0.9474
vn 0.4452 0.1210 0.8872
vn -0.3388 -0.0699 -0.9383
vn 0.3397 0.2768 -0.8989
vn 0.8064 0.4609 -0.3706
vn -0.8338 -0.3952 -0.3855
vn -0.9148 -0.1099 0.3888
vn 0.9357 0.0071 0.3528
vn -0.3409 -0.1304 0.9310
vn 0.4346 -0.0774 0.8973
vn -0.3796 0.0930 -0.9205
vn 0.3926 0.1367 -0.9095
vn 0.9215 0.0930 -0.3770
vn -0.9249 -0.0150 -0.3798
vn 0.3875 -0.1307 0.9125
vn 0.9597 0.1895 0.2073
vn -0.3973 -0.0759 0.9145
vn -0.9524 -0.1938 -0.2352
vn -0.8457 -0.3004 0.4410
vn 0.8737 0.2781 -0.3992
vn -0.1156 0.1581 -0.9806
vn 0.1262 -0.1598 0.9791
vn -0.6321 -0.0067 -0.7748
vn -0.4123 -0.2745 0.8687
vn 0.4556 0.2662 -0.8494
vn 0.6653 0.0197 0.7463
vn 0.7705 -0.0011 -0.6375
vn 0.9553 -0.0000 -0.2956
vn 0.9999 0.0002 -0.0137
vn 0.9207 0.0021 0.3902
vn 0.6869 0.0052 0.7267
vn 0.3815 0.0110 0.9243
vn 0.0739 0.0214 0.9970
vn -0.2528 0.0272 0.9671
vn -0.6492 0.0177 0.7604
vn -0.9202 0.0047 0.3914
vn -1.0000 0.0005 0.0008
vn -0.9238 0.0001 -0.3828
vn -0.7065 0.0003 -0.7077
vn -0.3812 -0.0008 -0.9245
vn -0.9928 -0.1196 -0.0000
vn 0.9927 0.1204 -0.0000
vn -0.5736 -0.0691 0.8162
vn -0.5751 -0.0693 -0.8152
vn 0.6127 0.0743 0.7868
vn 0.6139 0.0744 -0.7858
vn 0.0644 0.1717 -0.9831
vn 0.4454 0.1221 -0.8869
vn 0.7949 0.0519 -0.6045
vn 0.9619 -0.0014 -0.2736
vn 0.9999 0.0153 0.0049
vn 0.9204 0.0639 0.3858
vn 0.7198 0.0758 0.6901
vn 0.7964 0.0087 0.6048
vn -0.5947 0.2444 0.7659
vn -0.6009 0.2775 0.7497
vn -0.7431 0.2935 0.6014
vn -0.8192 0.2884 -0.4956
vn -0.6668 0.2748 -0.6927
vn -0.3152 0.2246 -0.9221
vn -0.6031 0.2519 0.7568
vn -0.6847 0.2544 -0.6830
vn -0.3120 0.0841 0.9463
vn -0.3081 0.0611 -0.9494
vn -0.0583 -0.0187 0.9981
vn -0.0704 -0.0168 -0.9974
vn -0.0421 0.0306 0.9986
vn -0.0426 0.0311 -0.9986
vn -0.0139 0.0034 0.9999
vn -0.0141 0.0035 -0.9999
vn -0.0107 -0.0013 0.9999
vn -0.0108 -0.0013 -0.9999
vn 0.0173 0.0021 0.9998
vn 0.0175 0.0021 -0.9998
vn 0.0145 0.7467 0.6650
vn 0.8026 0.3887 0.4525
vn -0.7067 0.5432 0.4533
vn 0.9818 -0.0564 0.1815
vn 0.8020 -0.5532 0.2255
vn 0.0979 -0.8700 0.4832
vn -0.8995 0.1709 0.4021
vn -0.6943 -0.3673 0.6188
vn 0.0221 0.6803 0.7326
vn 0.7745 0.3970 0.4925
vn -0.6721 0.4680 0.5738
vn 0.9967 -0.0238 0.0772
vn 0.8035 -0.5389 -0.2529
vn -0.0024 -0.9060 -0.4233
vn -0.9708 0.0418 0.2362
vn -0.7988 -0.5854 -0.1388
vn 0.0409 0.3909 0.9195
vn 0.7236 0.2534 0.6420
vn -0.6589 0.2802 0.6981
vn 0.9981 -0.0548 0.0289
vn 0.6964 -0.3973 -0.5976
vn 0.0369 0.2246 0.9737
vn -0.0094 -0.5315 -0.8470
vn -0.9900 -0.0376 0.1362
vn -0.7366 -0.3711 -0.5655
vn -0.0031 0.3210 0.9471
vn 0.6907 0.3216 0.6476
vn -0.6940 0.1536 0.7034
vn 0.9881 0.1457 -0.0502
vn 0.6635 -0.1154 -0.7392
vn -0.0777 -0.2875 -0.9546
vn -0.9944 -0.0898 0.0555
vn -0.7402 -0.2699 -0.6158
vn 0.6957 0.3229 0.6416
vn -0.6618 0.0315 0.7490
vn 0.9561 0.2898 -0.0439
vn 0.6791 0.1288 -0.7227
vn -0.0251 -0.0950 -0.9952
vn -0.9837 -0.1598 0.0824
vn -0.7295 -0.2228 -0.6466
vn 0.9026 -0.4300 -0.0190
vn 0.8263 -0.3208 -0.4630
vn 0.8273 -0.4099 0.3841
vn 0.6106 -0.2623 0.7472
vn 0.9982 0.0582 -0.0142
vn 0.9125 -0.0610 -0.4046
vn 0.9108 0.0659 0.4076
vn 0.6799 -0.0351 0.7325
vn 0.5430 0.6961 -0.4697
vn 0.7153 -0.6235 -0.3155
vn 0.2474 0.8124 0.5280
vn 0.5468 -0.6158 0.5672
vn 0.5870 -0.1940 -0.7860
vn 0.1722 -0.1376 0.9754
vn 0.5782 0.1976 -0.7916
vn 0.0509 0.3171 0.9470
vn -0.4106 0.7800 -0.4722
vn 0.8222 -0.4681 -0.3239
vn -0.5835 0.7014 0.4094
vn 0.6492 -0.5153 0.5595
vn 0.5706 -0.0695 -0.8183
vn 0.1247 -0.1357 0.9829
vn 0.2395 0.3574 -0.9027
vn -0.2718 0.2838 0.9195
vn -0.5923 0.6285 -0.5042
vn 0.8405 -0.3683 -0.3974
vn -0.7500 0.5022 0.4304
vn 0.6811 -0.4857 0.5479
vn 0.4328 0.0152 -0.9013
vn 0.1020 -0.2119 0.9720
vn -0.0144 0.3361 -0.9417
vn -0.3505 0.1019 0.9310
vn -0.2316 0.9302 -0.2849
vn 0.9338 0.2671 -0.2380
vn -0.3375 0.8077 0.4834
vn 0.8240 0.1546 0.5451
vn 0.5771 0.5981 -0.5561
vn 0.3741 0.3749 0.8482
vn 0.2607 0.7754 -0.5752
vn 0.0459 0.5570 0.8292
vn 0.8892 0.2802 -0.3618
vn 0.9554 0.2949 -0.0170
vn -0.4882 -0.1139 0.8653
vn 0.9013 0.2817 0.3291
vn 0.7336 0.2442 0.6342
vn -0.1480 0.0128 -0.9889
vn 0.4225 0.1684 0.8906
vn -0.1598 -0.0091 -0.9871
vn 0.0116 0.0560 0.9984
vn 0.1127 0.0841 -0.9901
vn 0.3899 0.1611 -0.9067
vn -0.3452 -0.0438 0.9375
vn 0.7086 0.2396 -0.6637
vn -0.5285 -0.0999 0.8430
vn -0.7577 -0.5765 0.3058
vn -0.5661 -0.3110 0.7634
vn -0.5766 -0.5744 -0.5811
vn -0.2014 -0.2153 -0.9556
vn 0.2734 0.7741 0.5710
vn -0.1154 0.1908 0.9748
vn 0.4575 0.7951 -0.3982
vn 0.2071 0.2938 -0.9332
vn -0.3406 -0.1099 0.9338
vn 0.0731 0.0978 -0.9925
vn -0.8074 -0.5297 0.2600
vn -0.5704 -0.3585 0.7391
vn -0.7455 -0.5360 -0.3962
vn -0.3649 -0.2411 -0.8993
vn 0.4814 0.7326 0.4812
vn 0.1282 0.3139 0.9408
vn 0.5792 0.7708 -0.2654
vn 0.3636 0.3384 -0.8679
vn -0.2508 -0.1378 0.9582
vn 0.0783 0.0367 -0.9963
vn -0.7919 -0.5739 0.2088
vn -0.5630 -0.3985 0.7240
vn -0.7650 -0.5513 -0.3328
vn -0.4052 -0.3021 -0.8629
vn 0.5347 0.7427 0.4030
vn 0.2539 0.4384 0.8622
vn 0.5935 0.7660 -0.2469
vn 0.3832 0.4534 -0.8047
vn -0.1932 -0.0399 0.9804
vn 0.0296 0.0461 -0.9985
vn -0.7863 -0.5862 0.1955
vn -0.5622 -0.3492 0.7496
vn -0.7165 -0.5650 -0.4091
vn -0.3913 -0.3077 -0.8673
vn 0.6563 0.6739 0.3394
vn 0.3644 0.4635 0.8077
vn 0.7032 0.6754 -0.2221
vn 0.4967 0.4712 -0.7289
vn -0.1060 0.0697 0.9919
vn -0.5786 -0.2800 0.7660
vn -0.8326 -0.5044 0.2290
vn 0.0797 0.0952 -0.9923
vn -0.8120 -0.5399 0.2217
vn -0.5371 -0.2902 0.7920
vn -0.7275 -0.5291 -0.4368
vn -0.3458 -0.2808 -0.8953
vn 0.7286 0.5959 0.3378
vn 0.4327 0.4195 0.7980
vn 0.7775 0.5882 -0.2226
vn 0.5687 0.4018 -0.7177
vn -0.0401 0.0915 0.9950
vn 0.1528 0.0800 -0.9850
vn -0.7661 -0.5074 -0.3945
vn -0.4144 -0.2946 -0.8611
vn 0.7056 0.6036 0.3713
vn 0.3688 0.4006 0.8387
vn 0.7653 0.5973 -0.2398
vn 0.5258 0.3840 -0.7590
vn -0.1150 0.0677 0.9910
vn 0.0794 0.0464 -0.9958
vn -0.3170 0.0125 0.9483
vn -0.6481 -0.0470 0.7601
vn 0.6310 0.1942 -0.7511
vn 0.8624 0.2359 -0.4478
vn -0.8882 -0.0763 0.4530
vn 0.9642 0.2547 -0.0741
vn -0.9952 -0.0729 0.0655
vn 0.9179 0.2470 0.3106
vn -0.9419 -0.0650 -0.3295
vn 0.7323 0.2138 0.6465
vn -0.7474 -0.0455 -0.6628
vn 0.4325 0.1578 0.8877
vn -0.4282 0.0076 -0.9036
vn 0.0634 0.0863 0.9943
vn -0.0632 0.0677 -0.9957
vn 0.3013 0.1333 -0.9442
vn -0.3352 -0.0001 0.9422
vn 0.6485 0.1785 -0.7400
vn -0.0558 0.0476 -0.9973
vn -0.6687 -0.0610 0.7410
vn 0.8758 0.2218 -0.4287
vn -0.9003 -0.1043 0.4226
vn 0.9695 0.2401 -0.0503
vn -0.9916 -0.1230 0.0400
vn 0.9138 0.2300 0.3348
vn -0.9334 -0.1139 -0.3403
vn 0.7195 0.1939 0.6669
vn -0.7379 -0.0777 -0.6704
vn 0.4161 0.1378 0.8988
vn -0.4279 -0.0207 -0.9036
vn 0.0462 0.0696 0.9965
vn 0.3223 0.1175 -0.9393
vn 0.0195 0.0260 -0.9995
vn 0.3818 0.1372 -0.9140
vn -0.3262 -0.0870 -0.9413
vn 0.0031 0.0247 0.9997
vn -0.3533 -0.0836 0.9318
vn 0.6484 0.1869 -0.7380
vn -0.6392 -0.1853 0.7463
vn 0.8376 0.0603 -0.5430
vn -0.8742 -0.2787 0.3976
vn 0.9946 0.1033 -0.0031
vn -0.9506 -0.3098 -0.0173
vn 0.8394 0.0774 0.5380
vn -0.8784 -0.2809 -0.3867
vn 0.6650 0.2109 0.7165
vn -0.6508 -0.1988 -0.7328
vn 0.4003 0.1481 0.9044
vn 0.0395 0.0318 -0.9987
vn -0.2889 -0.0760 -0.9543
vn 0.0124 0.0273 0.9996
vn 0.3960 0.1447 -0.9068
vn -0.3336 -0.0778 0.9395
vn 0.5950 0.2124 -0.7752
vn -0.6023 -0.1738 0.7791
vn 0.3871 0.1386 -0.9116
vn -0.8677 -0.2767 0.4129
vn -0.9502 -0.3099 -0.0339
vn 0.4157 0.1803 0.8915
vn -0.8756 -0.2800 -0.3937
vn 0.6390 0.2163 0.7382
vn -0.6305 -0.1927 -0.7518
vn 0.4366 0.1550 0.8862
vn -0.3893 0.9209 0.0204
vn -0.2040 0.5323 -0.8216
vn -0.1967 0.5476 0.8133
vn 0.1708 0.0527 -0.9839
vn 0.6377 -0.2843 -0.7158
vn -0.8660 0.4997 -0.0176
vn 0.9251 -0.3798 -0.0005
vn 0.1481 0.1010 0.9838
vn 0.6195 -0.2518 0.7435
vn -0.7737 0.6335 -0.0075
vn -0.5219 0.4611 -0.7177
vn -0.5389 0.4620 0.7044
vn 0.0863 0.0244 -0.9960
vn 0.6265 -0.3784 -0.6814
vn -0.9044 0.4265 -0.0099
vn 0.8427 -0.5382 0.0150
vn 0.0387 0.0539 0.9978
vn 0.5986 -0.3470 0.7219
vn -0.6071 0.3424 -0.7171
vn -0.6235 0.3547 0.6967
vn -0.0030 -0.0325 -0.9995
vn 0.3616 -0.4827 -0.7976
vn 0.5981 -0.8008 0.0300
vn 0.0057 -0.0022 1.0000
vn 0.3500 -0.4040 0.8452
vn -0.6380 0.2982 -0.7100
vn -0.6461 0.3134 0.6960
vn -0.0458 0.0199 -0.9988
vn 0.2232 0.0113 -0.9747
vn -0.8986 0.4388 -0.0041
vn 0.1918 0.9655 0.1763
vn -0.0028 0.0143 0.9999
vn 0.1407 0.1901 0.9716
vn -0.9030 0.4294 -0.0108
vn -0.6353 0.2964 -0.7131
vn -0.6447 0.3123 0.6977
vn -0.0190 0.0048 -0.9998
vn 0.6393 -0.3032 -0.7066
vn 0.9034 -0.4277 0.0304
vn -0.0087 0.0121 0.9999
vn 0.6317 -0.2956 0.7167
vn -0.6384 0.2888 -0.7135
vn -0.6235 0.3392 0.7044
vn 0.0065 -0.0226 -0.9997
vn 0.6506 -0.3097 -0.6934
vn -0.5574 0.8302 -0.0045
vn 0.9145 -0.4043 0.0176
vn 0.0178 0.0520 0.9985
vn 0.6515 -0.2545 0.7147
vn 0.4785 -0.0608 -0.8760
vn 0.3940 -0.3829 -0.8355
vn 0.7680 -0.6397 0.0307
vn 0.4079 -0.3550 0.8412
vn 0.3655 -0.0739 0.9279
vn 0.9629 -0.2600 0.0726
vn 0.5660 -0.8244 0.0088
vn -0.4960 0.8682 0.0139
vn -0.1927 0.4295 -0.8822
vn 0.3608 -0.4703 -0.8054
vn 0.2800 -0.4060 0.8699
vn -0.2462 0.4304 0.8684
vn 0.5460 -0.8377 0.0048
vn -0.5409 0.8411 -0.0055
vn -0.2621 0.4223 -0.8677
vn 0.2875 -0.4270 -0.8573
vn 0.2719 -0.4269 0.8625
vn -0.2780 0.4231 0.8624
vn -0.7507 -0.5121 -0.4173
vn -0.4094 0.7153 -0.5663
vn -0.8271 -0.5139 0.2278
vn -0.5592 -0.2789 0.7807
vn -0.0831 0.0755 0.9937
vn -0.2176 0.2987 0.9292
vn -0.4453 0.7974 0.4073
vn -0.0834 0.2693 -0.9594
vn -0.3805 -0.2872 -0.8790
vn 0.1114 0.0526 -0.9924
vn -0.7438 -0.5083 -0.4340
vn -0.8275 -0.5140 0.2260
vn -0.5490 -0.2707 0.7907
vn 0.2618 -0.0179 0.9649
vn -0.3604 -0.2737 -0.8917
vn 0.1337 0.0690 -0.9886
vn 0.8667 0.4074 -0.2878
vn -0.0624 0.0905 0.9939
vn 0.7967 0.4068 0.4470
vn 0.4430 -0.0225 -0.8962
vn 0.4883 0.1968 -0.8502
vn 0.2717 0.2852 -0.9191
vn 0.4596 0.7823 0.4206
vn 0.1446 0.3662 0.9192
vn 0.4784 0.7748 -0.4133
vn 0.3068 0.2210 0.9257
vn 0.9273 -0.1481 -0.3437
vn 0.8298 -0.1487 0.5379
vn 0.8799 -0.3751 -0.2918
vn -0.7591 0.4552 -0.4654
vn 0.7905 -0.3956 0.4676
vn -0.8507 0.4359 0.2938
vn 0.4634 -0.1177 -0.8783
vn -0.2148 0.2259 -0.9502
vn -0.4345 0.1784 0.8828
vn 0.2460 -0.1663 0.9549
vn -0.8329 -0.5033 0.2302
vn -0.5853 -0.2855 0.7589
vn -0.7697 -0.5114 -0.3822
vn -0.4237 -0.3101 -0.8511
vn 0.7142 0.5881 0.3797
vn 0.3654 0.3845 0.8477
vn 0.7785 0.5804 -0.2388
vn 0.5323 0.3642 -0.7642
vn -0.1262 0.0538 0.9905
vn 0.9632 0.2672 -0.0307
vn -0.6475 -0.0035 0.7621
vn 0.0743 0.0248 -0.9969
vn -0.4282 0.1893 0.8836
vn 0.2509 -0.1547 0.9556
vn -0.8461 0.4435 0.2957
vn -0.7578 0.4589 -0.4638
vn -0.2152 0.2265 -0.9499
vn 0.4640 -0.1176 -0.8780
vn 0.7936 -0.3872 0.4694
vn 0.8818 -0.3718 -0.2901
vn -0.6219 -0.0394 0.7821
vn 0.8746 0.2337 -0.4248
vn -0.8291 0.0276 0.5583
vn 0.9669 0.2487 -0.0572
vn -0.9862 0.0772 0.1467
vn 0.9160 0.2404 0.3211
vn -0.9368 0.0932 -0.3373
vn 0.7276 0.2081 0.6537
vn -0.5786 0.1162 -0.8073
vn 0.4169 0.1495 0.8966
vn -0.3195 0.0580 -0.9458
vn 0.0413 0.0723 0.9965
vn 0.3315 0.1386 -0.9332
vn -0.3319 -0.0047 0.9433
vn 0.6563 0.1979 -0.7281
vn 0.0030 0.0827 -0.9966
vn 0.3688 0.1157 -0.9223
vn -0.0050 0.0336 -0.9994
vn 0.6848 0.1850 -0.7049
vn 0.8952 0.2312 -0.3810
vn 0.9689 0.2473 -0.0000
vn 0.8952 0.2312 0.3810
vn 0.6848 0.1850 0.7049
vn 0.3688 0.1157 0.9223
vn -0.0050 0.0336 0.9994
vn -0.3795 -0.0486 0.9239
vn -0.6970 -0.1183 0.7072
vn -0.9090 -0.1649 0.3827
vn -0.9834 -0.1813 -0.0000
vn -0.9090 -0.1649 -0.3827
vn -0.6970 -0.1183 -0.7072
vn -0.3795 -0.0486 -0.9239
vn 0.3644 0.0996 -0.9259
vn -0.0107 0.0163 -0.9998
vn 0.6836 0.1703 -0.7097
vn 0.8971 0.2177 -0.3844
vn 0.9722 0.2343 -0.0000
vn 0.8971 0.2177 0.3844
vn 0.6836 0.1703 0.7097
vn 0.3644 0.0996 0.9259
vn -0.0107 0.0163 0.9998
vn -0.3839 -0.0665 0.9210
vn -0.6982 -0.1362 0.7028
vn -0.9070 -0.1825 0.3795
vn -0.9801 -0.1987 -0.0000
vn -0.9070 -0.1825 -0.3795
vn -0.6982 -0.1362 -0.7028
vn -0.3839 -0.0665 -0.9210
vn -0.8990 0.4372 -0.0252
vn -0.6414 0.2734 -0.7168
vn -0.6277 0.3682 0.6859
vn -0.0105 -0.0263 -0.9996
vn 0.6392 -0.2932 -0.7109
vn 0.5574 -0.8302 0.0036
vn 0.9287 -0.3707 -0.0039
vn 0.0264 0.1006 0.9946
vn 0.6754 -0.2074 0.7077
vn -0.2506 0.3867 -0.8875
vn 0.3094 -0.4481 -0.8387
vn 0.2939 -0.4505 0.8430
vn -0.2674 0.3848 0.8834
vn 0.8764 -0.3857 -0.2884
vn -0.7661 0.4464 -0.4624
vn 0.7817 -0.4093 0.4706
vn -0.8571 0.4209 0.2970
vn 0.4617 -0.1249 -0.8782
vn -0.2197 0.2203 -0.9504
vn -0.4419 0.1602 0.8826
vn 0.2358 -0.1831 0.9544
vn -0.8275 -0.5124 0.2297
vn -0.5760 -0.2936 0.7629
vn -0.7602 -0.5222 -0.3866
vn -0.4064 -0.3241 -0.8543
vn 0.7360 0.5623 0.3770
vn 0.3863 0.3670 0.8462
vn 0.8003 0.5508 -0.2369
vn 0.5558 0.3377 -0.7597
vn -0.1097 0.0434 0.9930
vn 0.7238 0.2523 0.6422
vn 0.0781 0.1469 0.9861
vn 0.0968 0.0048 -0.9953
vn 0.6931 0.1837 -0.6970
vn 0.0100 0.0320 -0.9994
vn -0.9923 -0.1111 0.0543
vn -0.7120 -0.0979 -0.6953
vn 0.9301 -0.1047 0.3520
vn 0.9682 0.2073 0.1402
vn -0.9326 0.0220 0.3602
vn -0.9356 -0.1751 -0.3066
vn -0.8469 -0.3422 0.4070
vn 0.8547 0.3109 -0.4158
vn -0.0650 0.2220 -0.9729
vn 0.1790 -0.2010 0.9631
vn -0.5797 0.0525 -0.8131
vn -0.3894 -0.3336 0.8585
vn 0.4671 0.3152 -0.8261
vn 0.7259 0.0138 0.6877
vn -0.3957 0.1254 -0.9098
vn 0.3503 0.0795 -0.9333
vn 0.9085 -0.0154 -0.4177
vn -0.9164 0.1023 -0.3870
vn -0.0000 -0.0000 -1.0000
vn 0.3827 -0.0000 -0.9239
vn 0.7694 -0.0000 -0.6388
vn 0.9553 -0.0000 -0.2957
vn 0.9999 -0.0000 -0.0140
vn 0.9215 -0.0000 0.3883
vn 0.6882 -0.0000 0.7255
vn 0.3872 -0.0000 0.9220
vn 0.0838 -0.0000 0.9965
vn -0.2566 -0.0000 0.9665
vn -0.6616 -0.0000 0.7499
vn -0.9231 -0.0000 0.3845
vn -1.0000 -0.0000 -0.0000
vn -0.9239 -0.0000 -0.3827
vn -0.7071 -0.0000 -0.7071
vn -0.3827 -0.0000 -0.9239
vt 0.171409 0.240546
vt 0.178424 0.280059
vt 0.152577 0.285570
vt 0.144697 0.246821
vt 0.122177 0.285990
vt 0.117089 0.251768
vt 0.094446 0.275827
vt 0.090211 0.255593
vt 0.074551 0.284561
vt 0.064386 0.266543
vt 0.472277 0.266707
vt 0.467015 0.287807
vt 0.439645 0.298503
vt 0.444843 0.265807
vt 0.408638 0.302821
vt 0.420957 0.266333
vt 0.382442 0.300125
vt 0.398699 0.266906
vt 0.703141 0.322773
vt 0.674345 0.329522
vt 0.668081 0.302029
vt 0.694535 0.291373
vt 0.569046 0.271475
vt 0.568008 0.239883
vt 0.577675 0.231728
vt 0.593806 0.256081
vt 0.336194 0.241952
vt 0.332603 0.285574
vt 0.313226 0.265861
vt 0.318081 0.230942
vt 0.295791 0.254468
vt 0.303856 0.221957
vt 0.769092 0.697295
vt 0.747130 0.701490
vt 0.746895 0.675734
vt 0.767080 0.670649
vt 0.784472 0.681752
vt 0.777298 0.660748
vt 0.243404 0.221106
vt 0.250857 0.255143
vt 0.226358 0.264409
vt 0.221750 0.227240
vt 0.905775 0.767219
vt 0.892948 0.749552
vt 0.894045 0.730070
vt 0.904646 0.732673
vt 0.202907 0.272539
vt 0.197076 0.233732
vt 0.412025 0.170144
vt 0.381798 0.161806
vt 0.392778 0.112150
vt 0.424647 0.119020
vt 0.290255 0.380622
vt 0.309229 0.382703
vt 0.302728 0.462820
vt 0.285227 0.460772
vt 0.311756 0.314497
vt 0.331806 0.321393
vt 0.328269 0.384901
vt 0.207332 0.316413
vt 0.228799 0.311961
vt 0.229909 0.380368
vt 0.210460 0.382208
vt 0.860007 0.763138
vt 0.847416 0.763092
vt 0.849365 0.732363
vt 0.861483 0.731389
vt 0.352867 0.331924
vt 0.374795 0.339391
vt 0.365965 0.390726
vt 0.347195 0.387162
vt 0.164372 0.329461
vt 0.186046 0.322829
vt 0.191256 0.384096
vt 0.171659 0.385538
vt 0.250478 0.309388
vt 0.272380 0.309874
vt 0.269860 0.379179
vt 0.249716 0.379103
vt 0.396672 0.343139
vt 0.420771 0.339655
vt 0.409916 0.390944
vt 0.384888 0.394077
vt 0.294448 0.311337
vt 0.931117 0.767406
vt 0.918179 0.767679
vt 0.916928 0.733729
vt 0.930232 0.734598
vt 0.140222 0.329679
vt 0.147915 0.381044
vt 0.147312 0.468529
vt 0.163317 0.465587
vt 0.163141 0.544711
vt 0.148088 0.544019
vt 0.117233 0.401805
vt 0.133449 0.398307
vt 0.131720 0.470167
vt 0.267439 0.459650
vt 0.423180 0.410248
vt 0.402233 0.477131
vt 0.386969 0.473494
vt 0.249650 0.459591
vt 0.370973 0.471385
vt 0.231896 0.460544
vt 0.354590 0.469639
vt 0.214279 0.461863
vt 0.337597 0.467637
vt 0.196888 0.463054
vt 0.179818 0.464164
vt 0.320243 0.465291
vt 0.299888 0.545053
vt 0.317458 0.546866
vt 0.315416 0.598191
vt 0.297781 0.598119
vt 0.282460 0.543832
vt 0.133578 0.543408
vt 0.265141 0.543476
vt 0.396837 0.550213
vt 0.382244 0.550008
vt 0.247652 0.544057
vt 0.367169 0.549953
vt 0.229851 0.545277
vt 0.351380 0.549647
vt 0.212108 0.546235
vt 0.334779 0.548608
vt 0.194986 0.546270
vt 0.178696 0.545590
vt 0.350315 0.598830
vt 0.369914 0.599388
vt 0.369183 0.647963
vt 0.348888 0.648061
vt 0.160693 0.592947
vt 0.143111 0.591512
vt 0.280588 0.597856
vt 0.130834 0.575505
vt 0.263663 0.597385
vt 0.397444 0.582355
vt 0.384436 0.583896
vt 0.246357 0.596590
vt 0.228512 0.595542
vt 0.210508 0.594363
vt 0.333130 0.598249
vt 0.192981 0.593236
vt 0.176757 0.592997
vt 0.262096 0.649132
vt 0.278598 0.649958
vt 0.276686 0.707963
vt 0.260488 0.706951
vt 0.227519 0.645386
vt 0.209102 0.643802
vt 0.331181 0.648410
vt 0.190806 0.643103
vt 0.173263 0.642989
vt 0.313055 0.649137
vt 0.156692 0.642880
vt 0.295438 0.649850
vt 0.139394 0.641134
vt 0.078222 0.731279
vt 0.084702 0.741469
vt 0.079849 0.743456
vt 0.074672 0.735169
vt 0.030510 0.750882
vt 0.034515 0.742377
vt 0.040403 0.744321
vt 0.037161 0.749366
vt 0.245231 0.647432
vt 0.070006 0.719346
vt 0.066838 0.730016
vt 0.293169 0.707475
vt 0.310302 0.705670
vt 0.305326 0.794176
vt 0.289651 0.794038
vt 0.383627 0.663639
vt 0.398272 0.664604
vt 0.393372 0.705157
vt 0.377964 0.703971
vt 0.244060 0.704285
vt 0.362087 0.701937
vt 0.227018 0.700477
vt 0.345206 0.701928
vt 0.209445 0.696747
vt 0.327923 0.703419
vt 0.191972 0.694535
vt 0.175144 0.694125
vt 0.159006 0.694749
vt 0.143317 0.695703
vt 0.123606 0.656031
vt 0.127897 0.697172
vt 0.273881 0.793855
vt 0.285049 0.880909
vt 0.270365 0.881604
vt 0.164292 0.790356
vt 0.148988 0.790733
vt 0.133788 0.791610
vt 0.258050 0.793468
vt 0.381914 0.798711
vt 0.366821 0.796956
vt 0.242230 0.792899
vt 0.351618 0.795696
vt 0.226456 0.792194
vt 0.336308 0.794875
vt 0.210753 0.791456
vt 0.320880 0.794408
vt 0.195151 0.790820
vt 0.179668 0.790416
vt 0.185224 0.953389
vt 0.197943 0.954355
vt 0.198015 0.984080
vt 0.185870 0.983336
vt 0.154991 0.874829
vt 0.141069 0.875492
vt 0.255650 0.881345
vt 0.369851 0.881709
vt 0.356067 0.880061
vt 0.240848 0.880804
vt 0.342144 0.879222
vt 0.226133 0.879767
vt 0.328088 0.879067
vt 0.211589 0.878365
vt 0.313907 0.879413
vt 0.197215 0.876943
vt 0.183000 0.875736
vt 0.299561 0.880086
vt 0.168975 0.874963
vt 0.470924 0.541932
vt 0.480219 0.538648
vt 0.494217 0.579131
vt 0.485911 0.583241
vt 0.211010 0.956125
vt 0.210653 0.985839
vt 0.296492 0.953968
vt 0.310059 0.953622
vt 0.308829 0.982203
vt 0.295565 0.982232
vt 0.176301 0.953285
vt 0.173737 0.982092
vt 0.282185 0.955166
vt 0.281250 0.983395
vt 0.160905 0.955838
vt 0.161677 0.982500
vt 0.266578 0.960357
vt 0.265100 0.990184
vt 0.462252 0.978460
vt 0.450901 0.981506
vt 0.451351 0.951105
vt 0.463577 0.947719
vt 0.253391 0.932665
vt 0.252534 0.952111
vt 0.439483 0.977856
vt 0.439137 0.947757
vt 0.240975 0.933220
vt 0.241073 0.953178
vt 0.334017 0.953989
vt 0.344871 0.959895
vt 0.344661 0.985238
vt 0.333246 0.983264
vt 0.226017 0.962116
vt 0.225992 0.993487
vt 0.323116 0.953641
vt 0.321382 0.982564
vt 0.581362 0.677061
vt 0.588277 0.678135
vt 0.584488 0.763764
vt 0.579031 0.763818
vt 0.930681 0.170289
vt 0.939369 0.184165
vt 0.931749 0.196780
vt 0.920711 0.179354
vt 0.647522 0.535707
vt 0.656847 0.538322
vt 0.645269 0.580850
vt 0.636178 0.579122
vt 0.865028 0.070486
vt 0.875175 0.068892
vt 0.878859 0.111686
vt 0.867004 0.110615
vt 0.638359 0.532874
vt 0.627141 0.576805
vt 0.897930 0.096987
vt 0.913884 0.131441
vt 0.905595 0.151163
vt 0.890437 0.123884
vt 0.629065 0.529832
vt 0.618054 0.574120
vt 0.518466 0.526202
vt 0.532745 0.526203
vt 0.544533 0.557306
vt 0.527794 0.559154
vt 0.619175 0.527035
vt 0.608780 0.571274
vt 0.499341 0.532886
vt 0.508527 0.529365
vt 0.518698 0.564548
vt 0.510744 0.570142
vt 0.608599 0.524535
vt 0.599281 0.568172
vt 0.489808 0.535711
vt 0.502461 0.574651
vt 0.597291 0.521848
vt 0.589322 0.564685
vt 0.584488 0.522181
vt 0.574043 0.562248
vt 0.568104 0.763990
vt 0.573569 0.763900
vt 0.573330 0.853020
vt 0.569524 0.853102
vt 0.520059 0.682438
vt 0.526514 0.680502
vt 0.535426 0.765149
vt 0.530027 0.765707
vt 0.574453 0.676209
vt 0.513743 0.684267
vt 0.524637 0.766444
vt 0.567559 0.675718
vt 0.615174 0.682067
vt 0.621640 0.682779
vt 0.611632 0.765059
vt 0.606225 0.764488
vt 0.560659 0.675481
vt 0.562640 0.764080
vt 0.608624 0.681155
vt 0.600807 0.764099
vt 0.553708 0.675497
vt 0.557178 0.764175
vt 0.601938 0.680179
vt 0.595377 0.763870
vt 0.546786 0.676043
vt 0.551723 0.764296
vt 0.595150 0.679196
vt 0.589937 0.763770
vt 0.533136 0.678666
vt 0.539910 0.677115
vt 0.546278 0.764476
vt 0.540845 0.764749
vt 0.188889 0.153728
vt 0.192668 0.194643
vt 0.165189 0.200741
vt 0.159499 0.159554
vt 0.218769 0.150279
vt 0.220165 0.190582
vt 0.246602 0.147116
vt 0.247771 0.189815
vt 0.273952 0.145871
vt 0.274141 0.178960
vt 0.301835 0.147346
vt 0.299901 0.189796
vt 0.328156 0.151454
vt 0.322844 0.197129
vt 0.354589 0.155982
vt 0.348273 0.207509
vt 0.375086 0.211174
vt 0.400314 0.233481
vt 0.441756 0.179046
vt 0.429752 0.233668
vt 0.465179 0.186420
vt 0.452722 0.234302
vt 0.497381 0.196818
vt 0.483933 0.234963
vt 0.072702 0.188253
vt 0.082909 0.225107
vt 0.051920 0.236231
vt 0.038869 0.198658
vt 0.101676 0.178972
vt 0.110007 0.216748
vt 0.130643 0.167897
vt 0.137783 0.208301
vt 0.274458 0.233436
vt 0.289364 0.228799
vt 0.273945 0.261784
vt 0.260203 0.227982
vt 0.294900 0.214879
vt 0.290662 0.198216
vt 0.254372 0.214433
vt 0.274177 0.188782
vt 0.256911 0.199259
vt 0.761483 0.611458
vt 0.768779 0.609615
vt 0.706610 0.655751
vt 0.693583 0.632988
vt 0.704143 0.602117
vt 0.717830 0.606899
vt 0.806948 0.637130
vt 0.793700 0.659641
vt 0.785319 0.645716
vt 0.800056 0.632631
vt 0.710211 0.681638
vt 0.697361 0.663322
vt 0.715310 0.665390
vt 0.725774 0.696543
vt 0.725415 0.672592
vt 0.685764 0.636383
vt 0.724680 0.609238
vt 0.723469 0.586195
vt 0.730025 0.586290
vt 0.789115 0.602036
vt 0.775639 0.607192
vt 0.769815 0.586175
vt 0.783547 0.585123
vt 0.746696 0.613180
vt 0.731875 0.611269
vt 0.763267 0.586276
vt 0.757247 0.586280
vt 0.758936 0.544547
vt 0.765202 0.545297
vt 0.709710 0.585154
vt 0.708278 0.547206
vt 0.721639 0.546128
vt 0.736048 0.586288
vt 0.746651 0.586100
vt 0.728066 0.545303
vt 0.720631 0.516818
vt 0.727295 0.517105
vt 0.784977 0.547197
vt 0.771622 0.546120
vt 0.772626 0.516816
vt 0.786067 0.516742
vt 0.746637 0.543897
vt 0.734338 0.544551
vt 0.719418 0.429541
vt 0.726172 0.430245
vt 0.773838 0.429541
vt 0.787251 0.428913
vt 0.733929 0.517418
vt 0.746635 0.517691
vt 0.707189 0.516745
vt 0.759340 0.517417
vt 0.765969 0.517103
vt 0.353522 0.301509
vt 0.835246 0.763499
vt 0.837378 0.733395
vt 0.885835 0.749254
vt 0.872618 0.762624
vt 0.872586 0.731658
vt 0.883835 0.729473
vt 0.941852 0.870732
vt 0.956621 0.852356
vt 0.956755 0.860540
vt 0.947782 0.893357
vt 0.969496 0.838543
vt 0.975647 0.841099
vt 0.823875 0.839779
vt 0.831402 0.856454
vt 0.818662 0.874991
vt 0.818728 0.844336
vt 0.886240 0.920508
vt 0.904302 0.915105
vt 0.895712 0.976391
vt 0.875311 0.982906
vt 0.869874 0.918013
vt 0.859780 0.980386
vt 0.854568 0.907200
vt 0.842159 0.967087
vt 0.841354 0.884359
vt 0.828340 0.918384
vt 0.924016 0.898622
vt 0.926396 0.934670
vt 0.924807 0.840162
vt 0.938277 0.833209
vt 0.852007 0.832832
vt 0.865110 0.839463
vt 0.909500 0.844592
vt 0.839606 0.825939
vt 0.879017 0.845095
vt 0.894118 0.846545
vt 0.828857 0.820929
vt 0.949896 0.826083
vt 0.961681 0.821519
vt 0.860687 0.706619
vt 0.872126 0.706280
vt 0.954624 0.734261
vt 0.942968 0.734894
vt 0.943481 0.707590
vt 0.954763 0.708066
vt 0.883103 0.706013
vt 0.894390 0.705741
vt 0.905935 0.705630
vt 0.918246 0.705984
vt 0.931280 0.706730
vt 0.943400 0.766405
vt 0.954690 0.764769
vt 0.944806 0.787685
vt 0.956185 0.785282
vt 0.880485 0.804731
vt 0.894662 0.806601
vt 0.906108 0.791960
vt 0.919121 0.791449
vt 0.932399 0.789952
vt 0.858736 0.785843
vt 0.870944 0.787757
vt 0.833285 0.784082
vt 0.845772 0.784609
vt 0.767971 0.951093
vt 0.747586 0.970275
vt 0.745927 0.934854
vt 0.760627 0.926418
vt 0.728256 0.976472
vt 0.730030 0.940876
vt 0.692443 0.966157
vt 0.672807 0.943712
vt 0.685303 0.922403
vt 0.700082 0.933282
vt 0.730187 0.899135
vt 0.743077 0.896758
vt 0.788016 0.910435
vt 0.775237 0.914158
vt 0.768795 0.888151
vt 0.782333 0.885276
vt 0.755853 0.892505
vt 0.782246 0.929841
vt 0.712517 0.975134
vt 0.712917 0.940341
vt 0.661758 0.923783
vt 0.671919 0.908962
vt 0.790653 0.927853
vt 0.761829 0.854679
vt 0.774482 0.853205
vt 0.749795 0.857199
vt 0.739395 0.859408
vt 0.717393 0.898707
vt 0.692846 0.889947
vt 0.704868 0.895247
vt 0.680567 0.884393
vt 0.737856 0.846253
vt 0.748218 0.846081
vt 0.720514 0.860072
vt 0.710869 0.858378
vt 0.712202 0.845058
vt 0.720775 0.845606
vt 0.700391 0.855429
vt 0.688859 0.851671
vt 0.690622 0.843307
vt 0.702348 0.844425
vt 0.729893 0.860479
vt 0.773470 0.845276
vt 0.760754 0.845890
vt 0.761011 0.826797
vt 0.772211 0.827489
vt 0.750201 0.823657
vt 0.740060 0.820104
vt 0.729061 0.846083
vt 0.744499 0.728512
vt 0.755440 0.728310
vt 0.720190 0.817676
vt 0.710455 0.819431
vt 0.711367 0.730507
vt 0.722555 0.730338
vt 0.700440 0.822373
vt 0.689222 0.824569
vt 0.689829 0.728310
vt 0.700523 0.729704
vt 0.730080 0.817903
vt 0.884532 0.615291
vt 0.895540 0.613217
vt 0.906740 0.613188
vt 0.918195 0.615404
vt 0.929770 0.619142
vt 0.940837 0.622907
vt 0.848429 0.706954
vt 0.850641 0.624288
vt 0.863008 0.622071
vt 0.836271 0.706981
vt 0.362223 0.106726
vt 0.373820 0.012079
vt 0.407683 0.016793
vt 0.120187 0.119683
vt 0.151763 0.113113
vt 0.243483 0.100973
vt 0.273552 0.099937
vt 0.455412 0.126253
vt 0.479811 0.132237
vt 0.303683 0.100620
vt 0.333840 0.102957
vt 0.182742 0.107704
vt 0.024073 0.142656
vt 0.057932 0.134436
vt 0.213228 0.103525
vt 0.087893 0.127146
vt 0.512990 0.140469
vt 0.732989 0.430959
vt 0.746633 0.431663
vt 0.706005 0.428913
vt 0.760278 0.430959
vt 0.767090 0.430245
vt 0.744431 0.262362
vt 0.726969 0.293918
vt 0.714244 0.274494
vt 0.733630 0.256120
vt 0.607242 0.296967
vt 0.618818 0.278194
vt 0.666587 0.268167
vt 0.686821 0.263053
vt 0.705138 0.258312
vt 0.728791 0.249008
vt 0.600392 0.246959
vt 0.627522 0.258955
vt 0.753141 0.236664
vt 0.750175 0.235216
vt 0.645929 0.331312
vt 0.642967 0.292747
vt 0.766188 0.233284
vt 0.602760 0.231863
vt 0.626109 0.241417
vt 0.728457 0.240623
vt 0.747807 0.231740
vt 0.649304 0.264373
vt 0.647423 0.242977
vt 0.666909 0.243963
vt 0.579960 0.228805
vt 0.581690 0.224644
vt 0.706095 0.242788
vt 0.685969 0.244058
vt 0.686689 0.169218
vt 0.707961 0.170368
vt 0.628251 0.171632
vt 0.646792 0.171027
vt 0.666188 0.169851
vt 0.728984 0.172673
vt 0.671148 0.095057
vt 0.691988 0.093061
vt 0.712954 0.094794
vt 0.733590 0.100741
vt 0.610022 0.170716
vt 0.605923 0.104211
vt 0.628424 0.102619
vt 0.749430 0.175640
vt 0.753696 0.109056
vt 0.591562 0.168697
vt 0.726276 0.021451
vt 0.751075 0.030256
vt 0.594731 0.033432
vt 0.620623 0.030475
vt 0.774131 0.042190
vt 0.650176 0.099033
vt 0.646802 0.025091
vt 0.673269 0.019872
vt 0.583603 0.103534
vt 0.132166 0.605575
vt 0.124546 0.595635
vt 0.399901 0.602706
vt 0.390319 0.604998
vt 0.383561 0.615515
vt 0.121545 0.632150
vt 0.129671 0.621642
vt 0.389690 0.642237
vt 0.398303 0.640875
vt 0.384783 0.633119
vt 0.070409 0.748110
vt 0.065203 0.743422
vt 0.059851 0.728606
vt 0.060712 0.741791
vt 0.046326 0.737251
vt 0.052618 0.731792
vt 0.054706 0.744103
vt 0.050634 0.747556
vt 0.049816 0.718759
vt 0.058923 0.716435
vt 0.041084 0.726870
vt 0.088288 0.747660
vt 0.082499 0.749119
vt 0.058699 0.779578
vt 0.057057 0.779868
vt 0.073033 0.754904
vt 0.076792 0.756331
vt 0.068349 0.780899
vt 0.066409 0.780451
vt 0.046394 0.751048
vt 0.054951 0.780308
vt 0.043976 0.756253
vt 0.058914 0.806407
vt 0.057937 0.806481
vt 0.060866 0.779486
vt 0.060669 0.806326
vt 0.059673 0.806353
vt 0.064710 0.780101
vt 0.063208 0.806503
vt 0.062432 0.806436
vt 0.062588 0.779703
vt 0.053235 0.780762
vt 0.058961 0.808364
vt 0.058175 0.808424
vt 0.057261 0.808055
vt 0.056774 0.807421
vt 0.059326 0.807448
vt 0.057138 0.806575
vt 0.058856 0.806846
vt 0.064119 0.806633
vt 0.061456 0.806361
vt 0.591343 0.485084
vt 0.606344 0.481924
vt 0.464831 0.498308
vt 0.475025 0.495899
vt 0.618853 0.483358
vt 0.485365 0.493735
vt 0.630267 0.485530
vt 0.495597 0.491239
vt 0.506496 0.489491
vt 0.640981 0.487970
vt 0.521303 0.491581
vt 0.651091 0.490647
vt 0.660824 0.493467
vt 0.816996 0.196932
vt 0.824013 0.172581
vt 0.834481 0.182898
vt 0.828090 0.204868
vt 0.668198 0.503355
vt 0.832267 0.138512
vt 0.843154 0.102382
vt 0.854380 0.126093
vt 0.846537 0.158334
vt 0.457634 0.507860
vt 0.872416 0.163444
vt 0.865187 0.172002
vt 0.845909 0.212178
vt 0.836661 0.223586
vt 0.881970 0.162202
vt 0.940613 0.200659
vt 0.934339 0.219787
vt 0.926313 0.216042
vt 0.890262 0.169832
vt 0.904818 0.189101
vt 0.944033 0.188190
vt 0.916067 0.205263
vt 0.920905 0.236599
vt 0.912939 0.231587
vt 0.855531 0.194625
vt 0.861358 0.229282
vt 0.853307 0.236536
vt 0.903842 0.224809
vt 0.869564 0.221372
vt 0.877290 0.216985
vt 0.845775 0.242045
vt 0.880029 0.254756
vt 0.872795 0.256476
vt 0.859799 0.263149
vt 0.854264 0.266047
vt 0.885444 0.215811
vt 0.887754 0.254563
vt 0.928851 0.239191
vt 0.921982 0.263398
vt 0.916172 0.262917
vt 0.893904 0.218322
vt 0.895624 0.255904
vt 0.903365 0.258561
vt 0.919876 0.306937
vt 0.914318 0.307425
vt 0.896551 0.306220
vt 0.889923 0.305444
vt 0.902852 0.307054
vt 0.910181 0.261239
vt 0.908723 0.307514
vt 0.865950 0.259664
vt 0.870998 0.306076
vt 0.865419 0.307475
vt 0.866406 0.348275
vt 0.870065 0.340894
vt 0.876758 0.383539
vt 0.872885 0.384317
vt 0.885782 0.341801
vt 0.891272 0.341890
vt 0.892665 0.381864
vt 0.888676 0.382079
vt 0.911714 0.346912
vt 0.916565 0.346569
vt 0.912602 0.382992
vt 0.908596 0.382485
vt 0.896752 0.342290
vt 0.896658 0.381792
vt 0.902026 0.342842
vt 0.900605 0.381905
vt 0.907197 0.341542
vt 0.904603 0.382122
vt 0.883274 0.305028
vt 0.860020 0.309161
vt 0.876941 0.305203
vt 0.893992 0.421580
vt 0.891634 0.421708
vt 0.905724 0.422125
vt 0.903386 0.421890
vt 0.896353 0.421535
vt 0.898685 0.421593
vt 0.901040 0.421709
vt 0.880724 0.382920
vt 0.886938 0.422186
vt 0.884607 0.422513
vt 0.880471 0.342125
vt 0.884693 0.382432
vt 0.875399 0.342884
vt 0.507694 0.592033
vt 0.515919 0.587802
vt 0.523549 0.616133
vt 0.515391 0.619791
vt 0.596842 0.586602
vt 0.606076 0.589505
vt 0.602304 0.618525
vt 0.593654 0.616139
vt 0.524111 0.583023
vt 0.533054 0.578649
vt 0.540754 0.610600
vt 0.532042 0.612929
vt 0.615066 0.592114
vt 0.610781 0.620646
vt 0.543621 0.576272
vt 0.549557 0.609351
vt 0.623844 0.594551
vt 0.619050 0.622638
vt 0.559408 0.588263
vt 0.558472 0.609283
vt 0.632516 0.596636
vt 0.627154 0.624362
vt 0.565952 0.587705
vt 0.567421 0.610006
vt 0.641198 0.598117
vt 0.635223 0.625553
vt 0.576335 0.580862
vt 0.576219 0.611443
vt 0.491579 0.600016
vt 0.499623 0.596232
vt 0.507562 0.623506
vt 0.499941 0.626850
vt 0.587231 0.583371
vt 0.584964 0.613613
vt 0.324747 0.924358
vt 0.311288 0.924639
vt 0.226124 0.930334
vt 0.211354 0.925954
vt 0.337801 0.924463
vt 0.240969 0.912951
vt 0.350615 0.925162
vt 0.254239 0.912825
vt 0.364269 0.920510
vt 0.267952 0.930066
vt 0.157932 0.920868
vt 0.144370 0.914850
vt 0.283121 0.926447
vt 0.171107 0.921857
vt 0.297449 0.925252
vt 0.184442 0.923002
vt 0.197790 0.924182
vt 0.404481 0.942911
vt 0.396961 0.934024
vt 0.411518 0.923469
vt 0.421073 0.931325
vt 0.423710 0.953544
vt 0.429826 0.939865
vt 0.436481 0.899936
vt 0.443745 0.901669
vt 0.472397 0.939353
vt 0.458524 0.901586
vt 0.465650 0.899766
vt 0.451132 0.902234
vt 0.489786 0.923863
vt 0.481401 0.930739
vt 0.472502 0.897753
vt 0.479435 0.896194
vt 0.479956 0.955596
vt 0.504837 0.934304
vt 0.497038 0.943647
vt 0.472731 0.843369
vt 0.480153 0.845850
vt 0.451200 0.850704
vt 0.458888 0.840474
vt 0.429562 0.897913
vt 0.429677 0.846556
vt 0.436913 0.848379
vt 0.465882 0.840276
vt 0.422742 0.896224
vt 0.466344 0.816035
vt 0.473725 0.815412
vt 0.422047 0.845881
vt 0.420861 0.815494
vt 0.428275 0.815663
vt 0.443332 0.841541
vt 0.435560 0.816227
vt 0.443037 0.820744
vt 0.459165 0.824860
vt 0.451525 0.811806
vt 0.443335 0.758821
vt 0.450843 0.758784
vt 0.481143 0.815204
vt 0.473349 0.758372
vt 0.480808 0.758252
vt 0.458372 0.758680
vt 0.428397 0.758633
vt 0.435857 0.758727
vt 0.044298 0.450337
vt 0.051190 0.442158
vt 0.053976 0.471699
vt 0.048621 0.474555
vt 0.073894 0.448604
vt 0.081389 0.458526
vt 0.077696 0.475180
vt 0.071839 0.473498
vt 0.428674 0.705507
vt 0.436089 0.705791
vt 0.465875 0.758529
vt 0.465102 0.706222
vt 0.472395 0.705720
vt 0.420928 0.758579
vt 0.421209 0.705303
vt 0.443414 0.706127
vt 0.479806 0.705056
vt 0.467559 0.645800
vt 0.473230 0.644871
vt 0.457879 0.706455
vt 0.450674 0.706388
vt 0.450309 0.646703
vt 0.456071 0.646821
vt 0.433180 0.645358
vt 0.438887 0.645775
vt 0.461841 0.646510
vt 0.065543 0.441164
vt 0.066646 0.429591
vt 0.078656 0.448270
vt 0.058032 0.437625
vt 0.048181 0.432106
vt 0.056758 0.422597
vt 0.041206 0.446530
vt 0.039068 0.459673
vt 0.035038 0.460981
vt 0.085371 0.458393
vt 0.056821 0.528398
vt 0.051435 0.527671
vt 0.078278 0.526297
vt 0.072873 0.526922
vt 0.060035 0.470084
vt 0.042883 0.476388
vt 0.066196 0.471073
vt 0.045993 0.527463
vt 0.053866 0.594963
vt 0.048468 0.594736
vt 0.062234 0.528678
vt 0.064694 0.595871
vt 0.059253 0.595631
vt 0.067605 0.528030
vt 0.868303 0.329085
vt 0.873077 0.324402
vt 0.902474 0.327446
vt 0.907875 0.328919
vt 0.878612 0.323552
vt 0.884481 0.323264
vt 0.069077 0.902378
vt 0.072235 0.902519
vt 0.069576 0.943020
vt 0.067864 0.942978
vt 0.896705 0.324097
vt 0.890600 0.323498
vt 0.050394 0.903777
vt 0.053532 0.903270
vt 0.059305 0.943443
vt 0.057609 0.943650
vt 0.056519 0.902888
vt 0.059661 0.902596
vt 0.062721 0.943143
vt 0.061011 0.943276
vt 0.862203 0.323355
vt 0.918881 0.321167
vt 0.913569 0.321379
vt 0.074917 0.860432
vt 0.070428 0.859684
vt 0.071675 0.846760
vt 0.078639 0.853744
vt 0.051770 0.859474
vt 0.047158 0.860654
vt 0.043597 0.857130
vt 0.047335 0.853383
vt 0.043220 0.862755
vt 0.041090 0.859906
vt 0.079041 0.861421
vt 0.082884 0.859855
vt 0.056430 0.859304
vt 0.055075 0.847643
vt 0.065840 0.858975
vt 0.065714 0.843990
vt 0.061182 0.858820
vt 0.061314 0.844416
vt 0.071280 0.943113
vt 0.070513 0.974852
vt 0.069305 0.974821
vt 0.066150 0.942988
vt 0.068096 0.974820
vt 0.066889 0.974850
vt 0.064435 0.943046
vt 0.065683 0.974904
vt 0.064479 0.974972
vt 0.062808 0.902409
vt 0.065915 0.902340
vt 0.075402 0.902770
vt 0.889280 0.421913
vt 0.894345 0.477904
vt 0.892834 0.478024
vt 0.882336 0.422899
vt 0.889826 0.478323
vt 0.888347 0.478490
vt 0.895862 0.477823
vt 0.903417 0.477989
vt 0.901900 0.477918
vt 0.897380 0.477787
vt 0.898878 0.477811
vt 0.564811 0.575414
vt 0.558730 0.576137
vt 0.574345 0.972658
vt 0.571429 0.972731
vt 0.599841 0.852973
vt 0.596081 0.852711
vt 0.565718 0.853141
vt 0.592305 0.852584
vt 0.561913 0.853143
vt 0.588519 0.852571
vt 0.558112 0.853129
vt 0.584727 0.852643
vt 0.554314 0.853127
vt 0.550522 0.853176
vt 0.580932 0.852765
vt 0.546738 0.853309
vt 0.577132 0.852901
vt 0.542968 0.853557
vt 0.539218 0.853938
vt 0.594740 0.972072
vt 0.591827 0.971995
vt 0.568512 0.972751
vt 0.588912 0.972008
vt 0.565596 0.972724
vt 0.585998 0.972094
vt 0.562679 0.972666
vt 0.583085 0.972230
vt 0.559764 0.972601
vt 0.556848 0.972558
vt 0.580173 0.972388
vt 0.553932 0.972565
vt 0.577260 0.972538
vt 0.551018 0.972645
vt 0.548110 0.972815
vt 0.700096 0.018001
vt 0.070104 0.595241
vt 0.075430 0.594174
vt 0.444585 0.646283
vt 0.427465 0.645072
vt 0.080795 0.593536
vt 0.063276 0.975048
vt 0.062074 0.975132
vt 0.060872 0.975230
vt 0.891329 0.478169
vt 0.900390 0.477854
vt 0.568008 0.034140
vt 0.733666 0.729432
vt 0.766307 0.729204
vt 0.776888 0.730896
vt 0.341647 0.008999
vt 0.068602 0.031072
vt 0.102600 0.024627
vt 0.951938 0.624959
vt 0.874050 0.618618
vt 0.838427 0.624202
vt 0.037834 0.037266
vt 0.307403 0.007088
vt 0.003756 0.044305
vt 0.273025 0.006633
vt 0.500309 0.033404
vt 0.533884 0.040325
vt 0.238756 0.007751
vt 0.475034 0.028398
vt 0.204605 0.010253
vt 0.442402 0.022380
vt 0.170563 0.014016
vt 0.136576 0.018869
s 1
f 399/1/399 2/2/2 4/3/4 400/4/400
f 400/4/400 4/3/4 276/5/276 401/6/401
f 401/6/401 276/5/276 275/7/275 402/8/402
f 402/8/402 275/7/275 277/9/277 403/10/403
f 403/11/403 277/12/277 278/13/278 404/14/404
f 404/14/404 278/13/278 14/15/14 405/16/405
f 405/16/405 14/15/14 16/17/16 406/18/406
f 16/19/16 18/20/18 427/21/427 428/22/428
f 218/23/218 217/24/217 432/25/432 434/26/434
f 407/27/407 20/28/20 22/29/22 408/30/408
f 408/30/408 22/29/22 226/31/226 409/32/409
f 24/33/24 26/34/26 231/35/231 233/36/233
f 413/37/413 24/33/24 233/36/233 415/38/415
f 410/39/410 227/40/227 30/41/30 411/42/411
f 325/43/325 320/44/320 300/45/300 305/46/305
f 411/42/411 30/41/30 32/47/32 412/48/412
f 412/48/412 32/47/32 2/2/2 399/1/399
f 15/49/15 17/50/17 385/51/385 384/52/384
f 44/53/44 43/54/43 59/55/59 60/56/60
f 263/57/263 262/58/262 42/59/42 43/54/43
f 265/60/265 264/61/264 47/62/47 48/63/48
f 319/64/319 322/65/322 304/66/304 302/67/302
f 268/68/268 267/69/267 40/70/40 41/71/41
f 270/72/270 269/73/269 34/74/34 33/75/33
f 272/76/272 271/77/271 45/78/45 46/79/46
f 273/80/273 283/81/283 282/82/282 39/83/39
f 274/84/274 263/57/263 43/54/43 44/53/44
f 269/73/269 265/60/265 48/63/48 34/74/34
f 321/85/321 317/86/317 301/87/301 303/88/303
f 262/58/262 268/68/268 41/71/41 42/59/42
f 264/61/264 272/76/272 46/79/46 47/62/47
f 284/89/284 270/72/270 33/75/33 280/90/280
f 267/69/267 273/80/273 39/83/39 40/70/40
f 271/77/271 274/84/274 44/53/44 45/78/45
f 52/91/52 51/92/51 67/93/67 68/94/68
f 281/95/281 279/96/279 52/91/52 53/97/53
f 45/78/45 44/53/44 60/56/60 61/98/61
f 282/82/282 281/99/281 53/100/53 54/101/54
f 46/79/46 45/78/45 61/98/61 62/102/62
f 39/83/39 282/82/282 54/101/54 55/103/55
f 47/62/47 46/79/46 62/102/62 63/104/63
f 40/70/40 39/83/39 55/103/55 56/105/56
f 48/63/48 47/62/47 63/104/63 64/106/64
f 41/71/41 40/70/40 56/105/56 57/107/57
f 33/75/33 34/74/34 50/108/50 49/109/49
f 34/74/34 48/63/48 64/106/64 50/108/50
f 42/59/42 41/71/41 57/107/57 58/110/58
f 280/90/280 33/75/33 49/109/49 51/92/51
f 43/54/43 42/59/42 58/110/58 59/55/59
f 279/96/279 280/90/280 51/92/51 52/91/52
f 75/111/75 74/112/74 90/113/90 91/114/91
f 60/56/60 59/55/59 75/111/75 76/115/76
f 53/97/53 52/91/52 68/94/68 69/116/69
f 61/98/61 60/56/60 76/115/76 77/117/77
f 54/101/54 53/100/53 69/118/69 70/119/70
f 62/102/62 61/98/61 77/117/77 78/120/78
f 55/103/55 54/101/54 70/119/70 71/121/71
f 63/104/63 62/102/62 78/120/78 79/122/79
f 56/105/56 55/103/55 71/121/71 72/123/72
f 64/106/64 63/104/63 79/122/79 80/124/80
f 57/107/57 56/105/56 72/123/72 73/125/73
f 49/109/49 50/108/50 66/126/66 65/127/65
f 50/108/50 64/106/64 80/124/80 66/126/66
f 58/110/58 57/107/57 73/125/73 74/112/74
f 51/92/51 49/109/49 65/127/65 67/93/67
f 59/55/59 58/110/58 74/112/74 75/111/75
f 88/128/88 470/129/470 474/130/474 104/131/104
f 68/94/68 67/93/67 83/132/83 468/133/468
f 76/115/76 75/111/75 91/114/91 92/134/92
f 69/116/69 68/94/68 468/133/468 467/135/467
f 77/117/77 76/115/76 92/134/92 93/136/93
f 70/119/70 69/118/69 467/137/467 469/138/469
f 78/120/78 77/117/77 93/136/93 94/139/94
f 71/121/71 70/119/70 469/138/469 470/129/470
f 79/122/79 78/120/78 94/139/94 95/140/95
f 72/123/72 71/121/71 470/129/470 88/128/88
f 80/124/80 79/122/79 95/140/95 96/141/96
f 73/125/73 72/123/72 88/128/88 89/142/89
f 65/127/65 66/126/66 82/143/82 81/144/81
f 66/126/66 80/124/80 96/141/96 82/143/82
f 74/112/74 73/125/73 89/142/89 90/113/90
f 67/93/67 65/127/65 81/144/81 83/132/83
f 109/145/109 108/146/108 124/147/124 125/148/125
f 96/141/96 95/140/95 111/149/111 112/150/112
f 89/142/89 88/128/88 104/131/104 105/151/105
f 81/144/81 82/143/82 98/152/98 97/153/97
f 82/143/82 96/141/96 112/150/112 98/152/98
f 90/113/90 89/142/89 105/151/105 106/154/106
f 83/132/83 81/144/81 97/153/97 99/155/99
f 91/114/91 90/113/90 106/154/106 107/156/107
f 468/133/468 83/132/83 99/155/99 472/157/472
f 92/134/92 91/114/91 107/156/107 108/146/108
f 100/158/100 101/159/101 475/160/475 481/161/481
f 93/136/93 92/134/92 108/146/108 109/145/109
f 102/162/102 103/163/103 482/164/482 477/165/477
f 94/139/94 93/136/93 109/145/109 110/166/110
f 84/167/84 100/158/100 481/161/481 479/168/479
f 95/140/95 94/139/94 110/166/110 111/149/111
f 123/169/123 122/170/122 138/171/138 139/172/139
f 473/173/473 471/174/471 117/175/117 118/176/118
f 110/166/110 109/145/109 125/148/125 126/177/126
f 474/130/474 473/173/473 118/176/118 119/178/119
f 111/149/111 110/166/110 126/177/126 127/179/127
f 104/131/104 474/130/474 119/178/119 120/180/120
f 112/150/112 111/149/111 127/179/127 128/181/128
f 105/151/105 104/131/104 120/180/120 121/182/121
f 97/153/97 98/152/98 114/183/114 113/184/113
f 98/152/98 112/150/112 128/181/128 114/183/114
f 106/154/106 105/151/105 121/182/121 122/170/122
f 99/155/99 97/153/97 113/184/113 115/185/115
f 107/156/107 106/154/106 122/170/122 123/169/123
f 472/157/472 99/155/99 115/185/115 116/186/116
f 108/146/108 107/156/107 123/169/123 124/147/124
f 471/187/471 472/157/472 116/186/116 117/188/117
f 140/189/140 139/172/139 155/190/155 156/191/156
f 116/186/116 115/185/115 131/192/131 132/193/132
f 124/147/124 123/169/123 139/172/139 140/189/140
f 117/188/117 116/186/116 132/193/132 133/194/133
f 125/148/125 124/147/124 140/189/140 141/195/141
f 118/176/118 117/175/117 133/196/133 134/197/134
f 126/177/126 125/148/125 141/195/141 142/198/142
f 119/178/119 118/176/118 134/197/134 135/199/135
f 127/179/127 126/177/126 142/198/142 143/200/143
f 120/180/120 119/178/119 135/199/135 136/201/136
f 128/181/128 127/179/127 143/200/143 144/202/144
f 121/182/121 120/180/120 136/201/136 137/203/137
f 113/184/113 114/183/114 130/204/130 129/205/129
f 114/183/114 128/181/128 144/202/144 130/204/130
f 122/170/122 121/182/121 137/203/137 138/171/138
f 115/185/115 113/184/113 129/205/129 131/192/131
f 632/206/632 629/207/629 162/208/162 161/209/161
f 133/194/133 132/193/132 148/210/148 149/211/149
f 141/195/141 140/189/140 156/191/156 157/212/157
f 134/197/134 133/196/133 149/213/149 150/214/150
f 142/198/142 141/195/141 157/212/157 158/215/158
f 135/199/135 134/197/134 150/214/150 151/216/151
f 143/200/143 142/198/142 158/215/158 159/217/159
f 136/201/136 135/199/135 151/216/151 152/218/152
f 144/202/144 143/200/143 159/217/159 160/219/160
f 137/203/137 136/201/136 152/218/152 153/220/153
f 129/205/129 130/204/130 146/221/146 145/222/145
f 130/204/130 144/202/144 160/219/160 146/221/146
f 138/171/138 137/203/137 153/220/153 154/223/154
f 131/192/131 129/205/129 145/222/145 147/224/147
f 139/172/139 138/171/138 154/223/154 155/190/155
f 132/193/132 131/192/131 147/224/147 148/210/148
f 508/225/508 507/226/507 180/227/180 181/228/181
f 629/207/629 630/229/630 176/230/176 162/208/162
f 633/231/633 631/232/631 169/233/169 170/234/170
f 634/235/634 632/206/632 161/209/161 163/236/163
f 635/237/635 633/231/633 170/234/170 171/238/171
f 636/239/636 634/235/634 163/236/163 164/240/164
f 637/241/637 635/237/635 171/238/171 172/242/172
f 624/243/624 622/244/622 650/245/650 652/246/652
f 638/247/638 637/241/637 172/242/172 173/248/173
f 622/244/622 620/249/620 648/250/648 650/245/650
f 640/251/640 638/247/638 173/248/173 174/252/174
f 641/253/641 639/254/639 166/255/166 167/256/167
f 642/257/642 640/251/640 174/252/174 175/258/175
f 643/259/643 641/253/641 167/256/167 168/260/168
f 630/229/630 642/257/642 175/258/175 176/230/176
f 631/232/631 643/259/643 168/260/168 169/233/169
f 600/261/600 597/262/597 202/263/202 203/264/203
f 188/265/188 189/266/189 525/267/525 526/268/526
f 510/269/510 508/270/508 181/271/181 182/272/182
f 174/273/174 173/274/173 521/275/521 523/276/523
f 511/277/511 510/269/510 182/272/182 183/278/183
f 172/279/172 509/280/509 529/281/529 522/282/522
f 513/283/513 511/277/511 183/278/183 184/284/184
f 514/285/514 512/286/512 191/287/191 192/288/192
f 515/289/515 513/283/513 184/284/184 185/290/185
f 517/291/517 516/292/516 178/293/178 177/294/177
f 516/292/516 514/285/514 192/288/192 178/293/178
f 518/295/518 515/289/515 185/290/185 186/296/186
f 519/297/519 517/291/517 177/294/177 179/298/179
f 520/299/520 518/295/518 186/296/186 187/300/187
f 507/226/507 519/297/519 179/298/179 180/227/180
f 509/301/509 520/299/520 187/300/187 188/302/188
f 205/303/205 204/304/204 794/305/794 795/306/795
f 601/307/601 598/308/598 195/309/195 196/310/196
f 602/311/602 600/261/600 203/264/203 204/304/204
f 603/312/603 601/307/601 196/310/196 197/313/197
f 604/314/604 602/311/602 204/304/204 205/303/205
f 605/315/605 603/316/603 197/317/197 198/318/198
f 606/319/606 604/314/604 205/303/205 206/320/206
f 607/321/607 605/315/605 198/318/198 199/322/199
f 608/323/608 606/319/606 206/320/206 207/324/207
f 609/325/609 607/321/607 199/322/199 200/326/200
f 610/327/610 608/323/608 207/324/207 208/328/208
f 611/329/611 609/325/609 200/326/200 201/330/201
f 612/331/612 599/332/599 194/333/194 193/334/193
f 599/332/599 610/327/610 208/328/208 194/333/194
f 597/262/597 611/329/611 201/330/201 202/263/202
f 598/308/598 612/331/612 193/334/193 195/309/195
f 31/335/31 224/336/224 209/337/209 1/338/1
f 29/339/29 223/340/223 224/336/224 31/335/31
f 27/341/27 229/342/229 223/340/223 29/339/29
f 25/343/25 230/344/230 229/342/229 27/341/27
f 23/345/23 228/346/228 230/344/230 25/343/25
f 21/347/21 219/348/219 228/346/228 23/345/23
f 19/349/19 218/350/218 219/348/219 21/347/21
f 17/50/17 217/351/217 218/350/218 19/349/19
f 15/49/15 216/352/216 217/351/217 17/50/17
f 13/353/13 215/354/215 216/352/216 15/49/15
f 11/355/11 214/356/214 215/354/215 13/353/13
f 9/357/9 213/358/213 214/356/214 11/355/11
f 7/359/7 212/360/212 213/361/213 9/362/9
f 5/363/5 211/364/211 212/360/212 7/359/7
f 3/365/3 210/366/210 211/364/211 5/363/5
f 1/338/1 209/337/209 210/366/210 3/365/3
f 26/367/26 24/368/24 226/31/226 225/369/225
f 28/370/28 26/367/26 225/369/225 227/40/227
f 413/371/413 220/372/220 228/346/228 409/32/409
f 414/373/414 28/370/28 227/40/227 410/39/410
f 221/374/221 222/375/222 229/342/229 230/344/230
f 220/372/220 221/374/221 230/344/230 228/346/228
f 415/38/415 233/36/233 239/376/239 417/377/417
f 236/378/236 232/379/232 238/380/238 242/381/242
f 221/382/221 220/383/220 235/384/235 232/385/232
f 414/386/414 222/387/222 236/378/236 416/388/416
f 26/34/26 28/389/28 234/390/234 231/35/231
f 222/387/222 221/391/221 232/379/232 236/378/236
f 418/392/418 242/381/242 248/393/248 420/394/420
f 238/395/238 241/396/241 247/397/247 244/398/244
f 233/36/233 231/35/231 237/399/237 239/376/239
f 232/385/232 235/384/235 241/396/241 238/395/238
f 416/388/416 236/378/236 242/381/242 418/392/418
f 231/35/231 234/390/234 240/400/240 237/399/237
f 419/401/419 245/402/245 251/403/251 421/404/421
f 248/393/248 244/405/244 250/406/250 254/407/254
f 237/399/237 240/400/240 246/408/246 243/409/243
f 242/381/242 238/380/238 244/405/244 248/393/248
f 417/377/417 239/376/239 245/402/245 419/401/419
f 239/376/239 237/399/237 243/409/243 245/402/245
f 422/410/422 254/407/254 260/411/260 424/412/424
f 250/413/250 253/414/253 259/415/259 256/416/256
f 245/402/245 243/409/243 249/417/249 251/403/251
f 244/398/244 247/397/247 253/414/253 250/413/250
f 420/394/420 248/393/248 254/407/254 422/410/422
f 243/409/243 246/408/246 252/418/252 249/417/249
f 424/412/424 260/411/260 398/419/398 426/420/426
f 256/416/256 259/415/259 397/421/397 394/422/394
f 249/417/249 252/418/252 258/423/258 255/424/255
f 254/407/254 250/406/250 256/425/256 260/411/260
f 421/404/421 251/403/251 257/426/257 423/427/423
f 251/403/251 249/417/249 255/424/255 257/426/257
f 225/369/225 226/31/226 274/84/274 271/77/271
f 16/17/16 14/15/14 273/80/273 267/69/267
f 276/5/276 4/3/4 270/72/270 284/89/284
f 30/41/30 227/40/227 272/76/272 264/61/264
f 20/28/20 18/428/18 268/68/268 262/58/262
f 322/65/322 318/429/318 299/430/299 304/66/304
f 2/2/2 32/47/32 265/60/265 269/73/269
f 226/31/226 22/29/22 263/57/263 274/84/274
f 14/15/14 278/13/278 283/81/283 273/80/273
f 227/40/227 225/369/225 271/77/271 272/76/272
f 4/3/4 2/2/2 269/73/269 270/72/270
f 18/428/18 16/17/16 267/69/267 268/68/268
f 323/431/323 324/432/324 306/433/306 296/434/296
f 32/47/32 30/41/30 264/61/264 265/60/265
f 22/29/22 20/28/20 262/58/262 263/57/263
f 324/432/324 319/64/319 302/67/302 306/433/306
f 285/435/285 286/436/286 275/437/275 276/438/276
f 286/436/286 287/439/287 277/440/277 275/437/275
f 287/441/287 288/442/288 278/443/278 277/444/277
f 289/445/289 290/446/290 280/447/280 279/448/279
f 291/449/291 289/445/289 279/448/279 281/450/281
f 292/451/292 291/449/291 281/450/281 282/452/282
f 288/442/288 293/453/293 283/454/283 278/443/278
f 290/446/290 294/455/294 284/456/284 280/447/280
f 293/453/293 292/451/292 282/452/282 283/454/283
f 294/455/294 285/435/285 276/438/276 284/456/284
f 266/457/266 6/458/6 285/435/285 294/455/294
f 261/459/261 38/460/38 292/451/292 293/453/293
f 35/461/35 266/457/266 294/455/294 290/446/290
f 12/462/12 261/459/261 293/453/293 288/442/288
f 38/460/38 37/463/37 291/449/291 292/451/292
f 37/463/37 36/464/36 289/445/289 291/449/291
f 36/464/36 35/461/35 290/446/290 289/445/289
f 10/465/10 12/462/12 288/442/288 287/441/287
f 8/466/8 10/467/10 287/439/287 286/436/286
f 6/458/6 8/466/8 286/436/286 285/435/285
f 306/433/306 302/67/302 374/468/374 378/469/378
f 299/470/299 298/471/298 370/472/370 371/473/371
f 300/45/300 296/434/296 368/474/368 372/475/372
f 301/87/301 305/46/305 377/476/377 373/477/373
f 298/471/298 303/88/303 375/478/375 370/472/370
f 305/46/305 300/45/300 372/475/372 377/476/377
f 326/479/326 321/85/321 303/88/303 298/471/298
f 317/86/317 325/43/325 305/46/305 301/87/301
f 320/44/320 323/431/323 296/434/296 300/45/300
f 318/480/318 326/479/326 298/471/298 299/470/299
f 10/467/10 8/466/8 316/481/316 310/482/310
f 36/464/36 37/463/37 311/483/311 314/484/314
f 266/457/266 35/461/35 315/485/315 308/486/308
f 8/466/8 6/458/6 307/487/307 316/481/316
f 38/460/38 261/459/261 313/488/313 312/489/312
f 37/463/37 38/460/38 312/489/312 311/483/311
f 12/462/12 10/465/10 310/490/310 309/491/309
f 6/458/6 266/457/266 308/486/308 307/487/307
f 261/459/261 12/462/12 309/491/309 313/488/313
f 35/461/35 36/464/36 314/484/314 315/485/315
f 310/482/310 316/481/316 326/479/326 318/480/318
f 325/492/325 315/493/315 332/494/332 331/495/331
f 308/486/308 315/485/315 325/43/325 317/86/317
f 316/481/316 307/487/307 321/85/321 326/479/326
f 312/489/312 313/488/313 319/64/319 324/432/324
f 315/493/315 314/496/314 333/497/333 332/494/332
f 309/491/309 310/490/310 318/429/318 322/65/322
f 307/487/307 308/486/308 317/86/317 321/85/321
f 313/488/313 309/491/309 322/65/322 319/64/319
f 312/498/312 324/499/324 329/500/329 330/501/330
f 332/494/332 333/497/333 341/502/341 340/503/340
f 327/504/327 334/505/334 342/506/342 335/507/335
f 334/505/334 331/495/331 339/508/339 342/506/342
f 320/509/320 325/492/325 331/495/331 334/505/334
f 311/510/311 312/498/312 330/501/330 328/511/328
f 324/499/324 323/512/323 327/513/327 329/500/329
f 314/496/314 311/510/311 328/511/328 333/497/333
f 323/514/323 320/509/320 334/505/334 327/504/327
f 335/507/335 342/506/342 350/515/350 343/516/343
f 342/506/342 339/508/339 347/517/347 350/515/350
f 339/508/339 340/503/340 348/518/348 347/517/347
f 333/497/333 328/511/328 336/519/336 341/502/341
f 330/501/330 329/500/329 337/520/337 338/521/338
f 329/500/329 327/513/327 335/522/335 337/520/337
f 328/511/328 330/501/330 338/521/338 336/519/336
f 331/495/331 332/494/332 340/503/340 339/508/339
f 347/517/347 348/518/348 356/523/356 355/524/355
f 344/525/344 346/526/346 354/527/354 352/528/352
f 345/529/345 343/530/343 351/531/351 353/532/353
f 340/503/340 341/502/341 349/533/349 348/518/348
f 341/502/341 336/519/336 344/525/344 349/533/349
f 338/521/338 337/520/337 345/529/345 346/526/346
f 337/520/337 335/522/335 343/530/343 345/529/345
f 336/519/336 338/521/338 346/526/346 344/525/344
f 351/534/351 358/535/358 366/536/366 359/537/359
f 358/535/358 355/524/355 363/538/363 366/536/366
f 355/524/355 356/523/356 364/539/364 363/538/363
f 350/515/350 347/517/347 355/524/355 358/535/358
f 343/516/343 350/515/350 358/535/358 351/534/351
f 348/518/348 349/533/349 357/540/357 356/523/356
f 349/533/349 344/525/344 352/528/352 357/540/357
f 346/526/346 345/529/345 353/532/353 354/527/354
f 363/538/363 364/539/364 865/541/865 864/542/864
f 360/543/360 362/544/362 367/545/367 852/546/852
f 361/547/361 359/548/359 854/549/854 369/550/369
f 356/523/356 357/540/357 365/551/365 364/539/364
f 357/540/357 352/528/352 360/543/360 365/551/365
f 354/527/354 353/532/353 361/547/361 362/544/362
f 353/532/353 351/531/351 359/548/359 361/547/361
f 352/528/352 354/527/354 362/544/362 360/543/360
f 372/475/372 368/474/368 853/552/853 857/553/857
f 373/477/373 377/476/377 862/554/862 858/555/858
f 370/472/370 375/478/375 860/556/860 855/557/855
f 377/476/377 372/475/372 857/553/857 862/554/862
f 374/468/374 376/558/376 861/559/861 859/560/859
f 375/478/375 373/477/373 858/555/858 860/556/860
f 296/434/296 306/433/306 378/469/378 368/474/368
f 304/66/304 299/430/299 371/561/371 376/558/376
f 303/88/303 301/87/301 373/477/373 375/478/375
f 302/67/302 304/66/304 376/558/376 374/468/374
f 385/51/385 386/562/386 877/563/877 876/564/876
f 1/338/1 3/365/3 295/565/295 297/566/297
f 25/343/25 27/341/27 390/567/390 389/568/389
f 11/355/11 13/353/13 383/569/383 382/570/382
f 21/347/21 23/345/23 388/571/388 387/572/387
f 31/335/31 1/338/1 297/566/297 392/573/392
f 7/359/7 9/362/9 381/574/381 380/575/380
f 17/50/17 19/349/19 386/562/386 385/51/385
f 27/341/27 29/339/29 391/576/391 390/567/390
f 3/365/3 5/363/5 379/577/379 295/565/295
f 13/353/13 15/49/15 384/52/384 383/569/383
f 23/345/23 25/343/25 389/568/389 388/571/388
f 9/357/9 11/355/11 382/570/382 381/578/381
f 19/349/19 21/347/21 387/572/387 386/562/386
f 29/339/29 31/335/31 392/573/392 391/576/391
f 5/363/5 7/359/7 380/575/380 379/577/379
f 255/424/255 258/423/258 396/579/396 393/580/393
f 260/411/260 256/425/256 394/581/394 398/419/398
f 423/427/423 257/426/257 395/582/395 425/583/425
f 257/426/257 255/424/255 393/580/393 395/582/395
f 259/415/259 423/427/423 425/583/425 397/421/397
f 253/414/253 421/404/421 423/427/423 259/415/259
f 258/423/258 424/412/424 426/420/426 396/579/396
f 246/408/246 420/394/420 422/410/422 252/418/252
f 252/418/252 422/410/422 424/412/424 258/423/258
f 241/396/241 417/377/417 419/401/419 247/397/247
f 247/397/247 419/401/419 421/404/421 253/414/253
f 234/390/234 416/388/416 418/392/418 240/400/240
f 240/400/240 418/392/418 420/394/420 246/408/246
f 28/389/28 414/386/414 416/388/416 234/390/234
f 235/384/235 415/38/415 417/377/417 241/396/241
f 222/375/222 414/373/414 410/39/410 229/342/229
f 24/368/24 413/371/413 409/32/409 226/31/226
f 224/336/224 412/48/412 399/1/399 209/337/209
f 223/340/223 411/42/411 412/48/412 224/336/224
f 229/342/229 410/39/410 411/42/411 223/340/223
f 220/383/220 413/37/413 415/38/415 235/384/235
f 219/348/219 408/30/408 409/32/409 228/346/228
f 218/350/218 407/27/407 408/30/408 219/348/219
f 216/584/216 406/585/406 430/586/430 431/587/431
f 407/588/407 218/23/218 434/26/434 433/589/433
f 215/354/215 405/16/405 406/18/406 216/352/216
f 214/356/214 404/14/404 405/16/405 215/354/215
f 213/358/213 403/11/403 404/14/404 214/356/214
f 212/360/212 402/8/402 403/10/403 213/361/213
f 211/364/211 401/6/401 402/8/402 212/360/212
f 210/366/210 400/4/400 401/6/401 211/364/211
f 209/337/209 399/1/399 400/4/400 210/366/210
f 428/22/428 427/21/427 435/590/435 436/591/436
f 431/587/431 430/586/430 438/592/438 439/593/439
f 433/589/433 434/26/434 442/594/442 441/595/441
f 432/596/432 431/587/431 439/593/439 440/597/440
f 20/598/20 407/588/407 433/589/433 429/599/429
f 406/585/406 16/19/16 428/22/428 430/586/430
f 217/600/217 216/584/216 431/587/431 432/596/432
f 18/20/18 20/598/20 429/599/429 427/21/427
f 441/595/441 442/594/442 451/601/451 450/602/450
f 440/597/440 439/593/439 447/603/447 449/604/449
f 435/590/435 437/605/437 445/606/445 443/607/443
f 442/594/442 440/608/440 449/609/449 451/601/451
f 429/599/429 433/589/433 441/595/441 437/605/437
f 430/586/430 428/22/428 436/591/436 438/592/438
f 434/26/434 432/25/432 440/608/440 442/594/442
f 427/21/427 429/599/429 437/605/437 435/590/435
f 446/610/446 444/611/444 453/612/453 455/613/455
f 445/606/445 450/602/450 458/614/458 454/615/454
f 444/611/444 443/607/443 452/616/452 453/612/453
f 447/603/447 446/610/446 455/613/455 456/617/456
f 439/593/439 438/592/438 446/610/446 447/603/447
f 436/591/436 435/590/435 443/607/443 444/611/444
f 437/605/437 441/595/441 450/602/450 445/606/445
f 438/592/438 436/591/436 444/611/444 446/610/446
f 453/612/453 452/616/452 448/618/448 460/619/460
f 456/617/456 455/613/455 462/620/462 463/621/463
f 458/614/458 459/622/459 466/623/466 465/624/465
f 457/625/457 456/617/456 463/621/463 464/626/464
f 451/601/451 449/609/449 457/627/457 459/622/459
f 443/607/443 445/606/445 454/615/454 452/616/452
f 449/604/449 447/603/447 456/617/456 457/625/457
f 450/602/450 451/601/451 459/622/459 458/614/458
f 463/621/463 462/620/462 756/628/756 848/629/848
f 465/624/465 466/623/466 851/630/851 850/631/850
f 464/626/464 463/621/463 848/629/848 849/632/849
f 448/618/448 461/633/461 757/634/757 846/635/846
f 454/615/454 458/614/458 465/624/465 461/633/461
f 455/613/455 453/612/453 460/619/460 462/620/462
f 459/622/459 457/627/457 464/636/464 466/623/466
f 452/616/452 454/615/454 461/633/461 448/618/448
f 84/637/84 85/638/85 467/135/467 468/133/468
f 85/639/85 86/640/86 469/138/469 467/137/467
f 86/640/86 87/641/87 470/129/470 469/138/469
f 101/642/101 100/643/100 472/157/472 471/187/471
f 102/644/102 101/645/101 471/174/471 473/173/473
f 103/646/103 102/644/102 473/173/473 474/130/474
f 87/641/87 103/646/103 474/130/474 470/129/470
f 100/643/100 84/637/84 468/133/468 472/157/472
f 479/168/479 481/161/481 489/647/489 487/648/487
f 476/649/476 479/168/479 487/648/487 484/650/484
f 480/651/480 478/652/478 486/653/486 488/654/488
f 86/655/86 85/656/85 476/649/476 478/652/478
f 103/163/103 87/657/87 480/651/480 482/164/482
f 101/159/101 102/658/102 477/659/477 475/160/475
f 87/657/87 86/655/86 478/652/478 480/651/480
f 85/656/85 84/167/84 479/168/479 476/649/476
f 488/654/488 486/653/486 494/660/494 496/661/496
f 483/662/483 485/663/485 493/664/493 491/665/491
f 490/666/490 488/654/488 496/661/496 498/667/498
f 477/165/477 482/164/482 490/666/490 485/668/485
f 481/161/481 475/160/475 483/662/483 489/647/489
f 478/652/478 476/649/476 484/650/484 486/653/486
f 482/164/482 480/651/480 488/654/488 490/666/490
f 475/160/475 477/659/477 485/663/485 483/662/483
f 498/667/498 496/661/496 504/669/504 506/670/506
f 494/660/494 492/671/492 500/672/500 502/673/502
f 497/674/497 491/665/491 499/675/499 505/676/505
f 484/650/484 487/648/487 495/677/495 492/671/492
f 487/648/487 489/647/489 497/674/497 495/677/495
f 485/668/485 490/666/490 498/667/498 493/678/493
f 489/647/489 483/662/483 491/665/491 497/674/497
f 486/653/486 484/650/484 492/671/492 494/660/494
f 500/679/500 503/680/503 505/681/505 499/682/499
f 502/683/502 500/679/500 499/682/499 501/684/501
f 504/685/504 502/683/502 501/684/501 506/670/506
f 491/665/491 493/664/493 501/686/501 499/675/499
f 496/661/496 494/660/494 502/673/502 504/669/504
f 492/671/492 495/677/495 503/687/503 500/672/500
f 495/677/495 497/674/497 505/676/505 503/687/503
f 493/678/493 498/667/498 506/670/506 501/684/501
f 172/688/172 171/689/171 520/299/520 509/301/509
f 164/690/164 163/691/163 519/297/519 507/226/507
f 171/689/171 170/692/170 518/295/518 520/299/520
f 163/691/163 161/693/161 517/291/517 519/297/519
f 170/692/170 169/694/169 515/289/515 518/295/518
f 162/695/162 176/696/176 514/285/514 516/292/516
f 161/693/161 162/695/162 516/292/516 517/291/517
f 169/694/169 168/697/168 513/283/513 515/289/515
f 176/696/176 175/698/175 512/286/512 514/285/514
f 168/697/168 167/699/167 511/277/511 513/283/513
f 173/274/173 172/279/172 522/282/522 521/275/521
f 167/699/167 166/700/166 510/269/510 511/277/511
f 190/701/190 191/702/191 528/703/528 527/704/527
f 166/700/166 165/705/165 508/270/508 510/269/510
f 512/706/512 175/707/175 524/708/524 530/709/530
f 165/710/165 164/690/164 507/226/507 508/225/508
f 524/708/524 523/276/523 533/711/533 534/712/534
f 527/704/527 528/703/528 538/713/538 537/714/537
f 523/276/523 521/275/521 531/715/531 533/711/533
f 525/267/525 527/716/527 537/717/537 535/718/535
f 521/275/521 522/282/522 532/719/532 531/715/531
f 522/282/522 529/281/529 539/720/539 532/719/532
f 509/280/509 188/265/188 526/268/526 529/281/529
f 191/702/191 512/706/512 530/709/530 528/703/528
f 175/707/175 174/273/174 523/276/523 524/708/524
f 189/266/189 190/721/190 527/716/527 525/267/525
f 536/722/536 535/718/535 545/723/545 546/724/546
f 538/713/538 540/725/540 550/726/550 548/727/548
f 539/720/539 536/722/536 546/724/546 549/728/549
f 540/725/540 534/712/534 544/729/544 550/726/550
f 534/712/534 533/711/533 543/730/543 544/729/544
f 537/714/537 538/713/538 548/727/548 547/731/547
f 530/709/530 524/708/524 534/712/534 540/725/540
f 529/281/529 526/268/526 536/722/536 539/720/539
f 528/703/528 530/709/530 540/725/540 538/713/538
f 526/268/526 525/267/525 535/718/535 536/722/536
f 544/729/544 543/730/543 553/732/553 554/733/554
f 547/731/547 548/727/548 558/734/558 557/735/557
f 543/730/543 541/736/541 551/737/551 553/732/553
f 545/723/545 547/738/547 557/739/557 555/740/555
f 541/736/541 542/741/542 552/742/552 551/737/551
f 542/741/542 549/728/549 559/743/559 552/742/552
f 532/719/532 539/720/539 549/728/549 542/741/542
f 531/715/531 532/719/532 542/741/542 541/736/541
f 535/718/535 537/717/537 547/738/547 545/723/545
f 533/711/533 531/715/531 541/736/541 543/730/543
f 555/740/555 557/739/557 569/744/569 567/745/567
f 551/737/551 552/742/552 564/746/564 563/747/563
f 552/742/552 559/743/559 571/748/571 564/746/564
f 556/749/556 555/740/555 567/745/567 568/750/568
f 558/734/558 562/751/562 572/752/572 570/753/570
f 559/743/559 556/749/556 568/750/568 571/748/571
f 550/726/550 544/729/544 554/733/554 562/751/562
f 549/728/549 546/724/546 556/749/556 559/743/559
f 548/727/548 550/726/550 562/751/562 558/734/558
f 546/724/546 545/723/545 555/740/555 556/749/556
f 735/754/735 732/755/732 578/756/578 577/757/577
f 711/758/711 713/759/713 561/760/561 573/761/573
f 733/762/733 735/763/735 577/764/577 575/765/575
f 713/759/713 714/766/714 560/767/560 561/760/561
f 714/766/714 715/768/715 579/769/579 560/767/560
f 734/770/734 733/762/733 575/765/575 576/771/576
f 553/732/553 551/737/551 563/747/563 565/772/565
f 557/735/557 558/734/558 570/753/570 569/773/569
f 554/733/554 553/732/553 565/772/565 566/774/566
f 562/751/562 554/733/554 566/774/566 572/752/572
f 573/761/573 561/760/561 747/775/747 749/776/749
f 575/765/575 577/764/577 753/777/753 751/778/751
f 561/760/561 560/767/560 748/779/748 747/775/747
f 560/767/560 579/769/579 755/780/755 748/779/748
f 576/771/576 575/765/575 751/778/751 752/781/752
f 578/756/578 580/782/580 758/783/758 754/784/754
f 719/785/719 711/758/711 573/761/573 574/786/574
f 720/787/720 719/785/719 574/786/574 580/782/580
f 715/768/715 734/770/734 576/771/576 579/769/579
f 732/755/732 720/787/720 580/782/580 578/756/578
f 781/788/781 779/789/779 596/790/596 583/791/583
f 780/792/780 778/793/778 594/794/594 581/795/581
f 782/796/782 777/797/777 593/798/593 595/799/595
f 779/789/779 782/796/782 595/799/595 596/790/596
f 778/793/778 776/800/776 592/801/592 594/794/594
f 777/797/777 775/802/775 591/803/591 593/798/593
f 776/800/776 774/804/774 590/805/590 592/801/592
f 775/802/775 773/806/773 589/807/589 591/803/591
f 774/804/774 772/808/772 588/809/588 590/805/590
f 773/806/773 771/810/771 587/811/587 589/807/589
f 772/808/772 770/812/770 586/813/586 588/809/588
f 771/810/771 769/814/769 585/815/585 587/811/587
f 770/816/770 768/817/768 584/818/584 586/819/586
f 769/814/769 767/820/767 582/821/582 585/815/585
f 768/817/768 781/788/781 583/791/583 584/818/584
f 767/820/767 780/792/780 581/795/581 582/821/582
f 583/791/583 596/790/596 612/331/612 598/308/598
f 581/795/581 594/794/594 611/329/611 597/262/597
f 595/799/595 593/798/593 610/327/610 599/332/599
f 596/790/596 595/799/595 599/332/599 612/331/612
f 594/794/594 592/801/592 609/325/609 611/329/611
f 593/798/593 591/803/591 608/323/608 610/327/610
f 592/801/592 590/805/590 607/321/607 609/325/609
f 591/803/591 589/807/589 606/319/606 608/323/608
f 590/805/590 588/809/588 605/315/605 607/321/607
f 589/807/589 587/811/587 604/314/604 606/319/606
f 588/809/588 586/813/586 603/316/603 605/315/605
f 587/811/587 585/815/585 602/311/602 604/314/604
f 586/819/586 584/818/584 601/307/601 603/312/603
f 585/815/585 582/821/582 600/261/600 602/311/602
f 584/818/584 583/791/583 598/308/598 601/307/601
f 582/821/582 581/795/581 597/262/597 600/261/600
f 153/220/153 152/218/152 628/822/628 616/823/616
f 160/219/160 159/217/159 627/824/627 615/825/615
f 152/218/152 151/216/151 626/826/626 628/822/628
f 159/217/159 158/215/158 625/827/625 627/824/627
f 151/216/151 150/214/150 624/828/624 626/826/626
f 158/215/158 157/212/157 623/829/623 625/827/625
f 150/214/150 149/213/149 622/830/622 624/828/624
f 157/212/157 156/191/156 621/831/621 623/829/623
f 149/211/149 148/210/148 620/832/620 622/833/622
f 156/191/156 155/190/155 619/834/619 621/831/621
f 148/210/148 147/224/147 618/835/618 620/832/620
f 155/190/155 154/223/154 617/836/617 619/834/619
f 147/224/147 145/222/145 614/837/614 618/835/618
f 154/223/154 153/220/153 616/823/616 617/836/617
f 146/221/146 160/219/160 615/825/615 613/838/613
f 145/222/145 146/221/146 613/838/613 614/837/614
f 616/823/616 628/822/628 643/259/643 631/232/631
f 615/825/615 627/824/627 642/257/642 630/229/630
f 628/822/628 626/826/626 641/253/641 643/259/643
f 627/824/627 625/827/625 640/251/640 642/257/642
f 626/826/626 624/828/624 639/254/639 641/253/641
f 625/827/625 623/829/623 638/247/638 640/251/640
f 164/839/164 165/840/165 644/841/644 645/842/645
f 623/829/623 621/831/621 637/241/637 638/247/638
f 636/843/636 164/839/164 645/842/645 647/844/647
f 621/831/621 619/834/619 635/237/635 637/241/637
f 620/832/620 618/835/618 634/235/634 636/239/636
f 619/834/619 617/836/617 633/231/633 635/237/635
f 618/835/618 614/837/614 632/206/632 634/235/634
f 617/836/617 616/823/616 631/232/631 633/231/633
f 613/838/613 615/825/615 630/229/630 629/207/629
f 614/837/614 613/838/613 629/207/629 632/206/632
f 648/250/648 647/844/647 656/845/656 657/846/657
f 651/847/651 652/246/652 661/848/661 660/849/660
f 650/245/650 648/250/648 657/846/657 659/850/659
f 644/851/644 646/852/646 655/853/655 653/854/653
f 639/855/639 624/243/624 652/246/652 651/847/651
f 620/249/620 636/843/636 647/844/647 648/250/648
f 165/856/165 166/857/166 646/852/646 644/851/644
f 166/857/166 639/855/639 651/847/651 646/852/646
f 653/854/653 655/853/655 663/858/663 649/859/649
f 661/848/661 659/850/659 695/860/695 696/861/696
f 656/845/656 654/862/654 662/863/662 664/864/664
f 655/853/655 660/849/660 667/865/667 663/858/663
f 645/842/645 644/841/644 653/866/653 654/862/654
f 646/852/646 651/847/651 660/849/660 655/853/655
f 647/844/647 645/842/645 654/862/654 656/845/656
f 652/246/652 650/245/650 659/850/659 661/848/661
f 663/858/663 667/865/667 675/867/675 670/868/670
f 662/863/662 649/869/649 658/870/658 669/871/669
f 694/872/694 664/864/664 671/873/671 693/874/693
f 667/865/667 696/861/696 697/875/697 675/867/675
f 659/850/659 657/846/657 694/872/694 695/860/695
f 660/849/660 661/848/661 696/861/696 667/865/667
f 657/846/657 656/845/656 664/864/664 694/872/694
f 654/862/654 653/866/653 649/869/649 662/863/662
f 698/876/698 693/874/693 681/877/681 682/878/682
f 658/879/658 670/868/670 679/880/679 677/881/677
f 697/875/697 698/876/698 682/878/682 684/882/684
f 671/873/671 669/871/669 678/883/678 680/884/680
f 664/864/664 662/863/662 669/871/669 671/873/671
f 676/885/676 668/886/668 703/887/703 704/888/704
f 649/859/649 663/858/663 670/868/670 658/879/658
f 672/889/672 674/890/674 700/891/700 701/892/701
f 680/884/680 678/883/678 685/893/685 687/894/687
f 679/880/679 683/895/683 691/896/691 686/897/686
f 678/883/678 677/898/677 673/899/673 685/893/685
f 681/877/681 680/884/680 687/894/687 688/900/688
f 675/867/675 697/875/697 684/882/684 683/895/683
f 693/874/693 671/873/671 680/884/680 681/877/681
f 669/871/669 658/870/658 677/898/677 678/883/678
f 670/868/670 675/867/675 683/895/683 679/880/679
f 673/901/673 686/897/686 817/902/817 815/903/815
f 692/904/692 690/905/690 821/906/821 823/907/823
f 687/894/687 685/893/685 816/908/816 818/909/818
f 686/897/686 691/896/691 822/910/822 817/902/817
f 684/882/684 682/878/682 690/905/690 692/904/692
f 677/881/677 679/880/679 686/897/686 673/901/673
f 682/878/682 681/877/681 688/900/688 690/905/690
f 683/895/683 684/882/684 692/904/692 691/896/691
f 672/889/672 665/911/665 694/912/694 693/913/693
f 666/914/666 668/886/668 696/915/696 695/916/695
f 665/911/665 666/914/666 695/916/695 694/912/694
f 668/886/668 676/885/676 697/917/697 696/915/696
f 676/885/676 674/918/674 698/919/698 697/917/697
f 674/890/674 672/889/672 693/913/693 698/920/698
f 704/888/704 703/887/703 709/921/709 710/922/710
f 701/892/701 700/891/700 706/923/706 707/924/707
f 668/886/668 666/914/666 699/925/699 703/887/703
f 674/918/674 676/885/676 704/888/704 700/926/700
f 666/914/666 665/911/665 702/927/702 699/925/699
f 665/911/665 672/889/672 701/892/701 702/927/702
f 706/928/706 710/922/710 827/929/827 689/930/689
f 709/921/709 705/931/705 820/932/820 826/933/826
f 703/887/703 699/925/699 705/931/705 709/921/709
f 700/926/700 704/888/704 710/922/710 706/928/706
f 699/925/699 702/927/702 708/934/708 705/931/705
f 702/927/702 701/892/701 707/924/707 708/934/708
f 731/935/731 726/936/726 720/787/720 732/755/732
f 728/937/728 736/938/736 734/770/734 715/768/715
f 726/936/726 725/939/725 719/785/719 720/787/720
f 725/939/725 721/940/721 711/758/711 719/785/719
f 764/941/764 763/942/763 744/943/744 743/944/743
f 723/945/723 728/937/728 715/768/715 714/766/714
f 722/946/722 723/945/723 714/766/714 713/759/713
f 762/947/762 761/948/761 742/949/742 740/950/740
f 721/940/721 722/946/722 713/759/713 711/758/711
f 759/951/759 760/952/760 746/953/746 745/954/745
f 569/773/569 570/753/570 731/935/731 727/955/727
f 565/772/565 563/747/563 722/946/722 721/940/721
f 567/745/567 569/744/569 727/956/727 729/957/729
f 563/747/563 564/746/564 723/945/723 722/946/722
f 564/746/564 571/748/571 728/937/728 723/945/723
f 568/750/568 567/745/567 729/957/729 736/938/736
f 566/774/566 565/772/565 721/940/721 725/939/725
f 572/752/572 566/774/566 725/939/725 726/936/726
f 571/748/571 568/750/568 736/938/736 728/937/728
f 570/753/570 572/752/572 726/936/726 731/935/731
f 718/958/718 730/959/730 731/960/731 732/961/732
f 716/962/716 717/963/717 733/964/733 734/965/734
f 717/963/717 712/966/712 735/967/735 733/964/733
f 712/968/712 718/958/718 732/961/732 735/969/735
f 724/970/724 716/962/716 734/965/734 736/971/736
f 730/959/730 737/972/737 727/973/727 731/960/731
f 737/972/737 738/974/738 729/975/729 727/973/727
f 738/974/738 724/970/724 736/971/736 729/975/729
f 744/943/744 740/976/740 829/977/829 833/978/833
f 739/979/739 743/944/743 832/980/832 828/981/828
f 746/953/746 741/982/741 830/983/830 835/984/835
f 760/952/760 765/985/765 741/982/741 746/953/746
f 766/986/766 764/941/764 743/944/743 739/979/739
f 763/942/763 762/987/762 740/976/740 744/943/744
f 761/948/761 759/951/759 745/954/745 742/949/742
f 765/985/765 766/986/766 739/979/739 741/982/741
f 750/988/750 749/776/749 838/989/838 839/990/839
f 753/991/753 754/784/754 843/992/843 842/993/842
f 749/776/749 747/775/747 836/994/836 838/989/838
f 751/778/751 753/777/753 842/995/842 840/996/840
f 747/775/747 748/779/748 837/997/837 836/994/836
f 748/779/748 755/780/755 844/998/844 837/997/837
f 577/757/577 578/756/578 754/784/754 753/991/753
f 574/786/574 573/761/573 749/776/749 750/988/750
f 580/782/580 574/786/574 750/988/750 758/783/758
f 579/769/579 576/771/576 752/781/752 755/780/755
f 738/974/738 737/972/737 766/986/766 765/985/765
f 717/963/717 716/962/716 759/951/759 761/948/761
f 718/958/718 712/968/712 762/987/762 763/942/763
f 737/972/737 730/959/730 764/941/764 766/986/766
f 724/970/724 738/974/738 765/985/765 760/952/760
f 716/962/716 724/970/724 760/952/760 759/951/759
f 712/966/712 717/963/717 761/948/761 762/947/762
f 730/959/730 718/958/718 763/942/763 764/941/764
f 187/300/187 186/296/186 780/792/780 767/820/767
f 180/227/180 179/298/179 781/788/781 768/817/768
f 188/302/188 187/300/187 767/820/767 769/814/769
f 181/228/181 180/227/180 768/817/768 770/816/770
f 189/999/189 188/302/188 769/814/769 771/810/771
f 182/272/182 181/271/181 770/812/770 772/808/772
f 190/1000/190 189/999/189 771/810/771 773/806/773
f 183/278/183 182/272/182 772/808/772 774/804/774
f 191/287/191 190/1000/190 773/806/773 775/802/775
f 184/284/184 183/278/183 774/804/774 776/800/776
f 192/288/192 191/287/191 775/802/775 777/797/777
f 185/290/185 184/284/184 776/800/776 778/793/778
f 177/294/177 178/293/178 782/796/782 779/789/779
f 178/293/178 192/288/192 777/797/777 782/796/782
f 186/296/186 185/290/185 778/793/778 780/792/780
f 179/298/179 177/294/177 779/789/779 781/788/781
f 795/306/795 794/305/794 810/1001/810 811/1002/811
f 198/318/198 197/317/197 787/1003/787 788/1004/788
f 206/320/206 205/303/205 795/306/795 796/1005/796
f 199/322/199 198/318/198 788/1004/788 789/1006/789
f 207/324/207 206/320/206 796/1005/796 797/1007/797
f 200/326/200 199/322/199 789/1006/789 790/1008/790
f 208/328/208 207/324/207 797/1007/797 798/1009/798
f 201/330/201 200/326/200 790/1008/790 791/1010/791
f 193/334/193 194/333/194 784/1011/784 783/1012/783
f 194/333/194 208/328/208 798/1009/798 784/1011/784
f 202/263/202 201/330/201 791/1010/791 792/1013/792
f 195/309/195 193/334/193 783/1012/783 785/1014/785
f 203/264/203 202/263/202 792/1013/792 793/1015/793
f 196/310/196 195/309/195 785/1014/785 786/1016/786
f 204/304/204 203/264/203 793/1015/793 794/305/794
f 197/313/197 196/310/196 786/1016/786 787/1017/787
f 461/633/461 465/624/465 850/631/850 757/634/757
f 788/1004/788 787/1003/787 803/1018/803 804/1019/804
f 796/1005/796 795/306/795 811/1002/811 812/1020/812
f 789/1006/789 788/1004/788 804/1019/804 805/1021/805
f 797/1007/797 796/1005/796 812/1020/812 813/1022/813
f 790/1008/790 789/1006/789 805/1021/805 806/1023/806
f 798/1009/798 797/1007/797 813/1022/813 814/1024/814
f 791/1010/791 790/1008/790 806/1023/806 807/1025/807
f 783/1012/783 784/1011/784 800/1026/800 799/1027/799
f 784/1011/784 798/1009/798 814/1024/814 800/1026/800
f 792/1013/792 791/1010/791 807/1025/807 808/1028/808
f 785/1014/785 783/1012/783 799/1027/799 801/1029/801
f 793/1015/793 792/1013/792 808/1028/808 809/1030/809
f 786/1016/786 785/1014/785 801/1029/801 802/1031/802
f 794/305/794 793/1015/793 809/1030/809 810/1001/810
f 787/1017/787 786/1016/786 802/1031/802 803/1032/803
f 460/619/460 448/618/448 846/635/846 845/1033/845
f 705/931/705 708/934/708 825/1034/825 820/932/820
f 708/934/708 707/924/707 824/1035/824 825/1034/825
f 690/905/690 688/900/688 819/1036/819 821/906/821
f 691/896/691 692/904/692 823/907/823 822/910/822
f 688/900/688 687/894/687 818/909/818 819/1036/819
f 685/893/685 673/899/673 815/1037/815 816/908/816
f 707/924/707 706/923/706 689/1038/689 824/1035/824
f 710/922/710 709/921/709 826/933/826 827/929/827
f 742/949/742 745/954/745 834/1039/834 831/1040/831
f 741/982/741 739/979/739 828/981/828 830/983/830
f 745/954/745 746/953/746 835/984/835 834/1039/834
f 740/950/740 742/949/742 831/1040/831 829/1041/829
f 743/944/743 744/943/744 833/978/833 832/980/832
f 758/783/758 750/988/750 839/990/839 847/1042/847
f 755/780/755 752/781/752 841/1043/841 844/998/844
f 754/784/754 758/783/758 847/1042/847 843/992/843
f 752/781/752 751/778/751 840/996/840 841/1043/841
f 462/620/462 460/619/460 845/1033/845 756/628/756
f 466/623/466 464/636/464 849/1044/849 851/630/851
f 364/539/364 365/551/365 866/1045/866 865/541/865
f 359/537/359 366/536/366 867/1046/867 854/1047/854
f 366/536/366 363/538/363 864/542/864 867/1046/867
f 386/562/386 387/572/387 878/1048/878 877/563/877
f 295/565/295 379/577/379 870/1049/870 869/1050/869
f 371/473/371 370/472/370 855/557/855 856/1051/856
f 378/469/378 374/468/374 859/560/859 863/1052/863
f 368/474/368 378/469/378 863/1052/863 853/552/853
f 376/558/376 371/561/371 856/1053/856 861/559/861
f 365/551/365 360/543/360 852/546/852 866/1045/866
f 362/544/362 361/547/361 369/550/369 367/545/367
f 379/577/379 380/575/380 871/1054/871 870/1049/870
f 387/572/387 388/571/388 879/1055/879 878/1048/878
f 380/575/380 381/574/381 872/1056/872 871/1054/871
f 388/571/388 389/568/389 880/1057/880 879/1055/879
f 381/578/381 382/570/382 873/1058/873 872/1059/872
f 389/568/389 390/567/390 881/1060/881 880/1057/880
f 382/570/382 383/569/383 874/1061/874 873/1058/873
f 390/567/390 391/576/391 882/1062/882 881/1060/881
f 383/569/383 384/52/384 875/1063/875 874/1061/874
f 391/576/391 392/573/392 883/1064/883 882/1062/882
f 384/52/384 385/51/385 876/564/876 875/1063/875
f 297/566/297 295/565/295 869/1050/869 868/1065/868
f 392/573/392 297/566/297 868/1065/868 883/1064/883
